corpName,stockCode,corpCode
한빛네트,036720,00260985
엔플렉스,040130,00264529
동서정보기술,055000,00358545
애드모바일,032600,00231567
씨모스,037600,00247939
리더컴,056140,00359614
허메스홀딩스,012400,00153551
유티엑스,045880,00344746
글로포스트,037830,00261188
쏠라엔텍,030390,00268020
보홍,041320,00269287
동북아1호선박투자회사,078420,00475286
에듀아크,046350,00250775
데코,013650,00114321
엘앤씨피,015390,00191108
희훈디앤지,019640,00167378
퓨쳐인포넷,058690,00225210
쓰리디넷,035400,00223346
제일저축은행,024100,00174129
제일창업투자,026540,00114826
현대DSF,016510,00173333
네프로아이티,950030,00687599
자강,036790,00256292
케이엠에스,038830,00271431
에버리소스,020070,00154727
제이에스,037110,00246189
태창기업,007490,00154204
에이치비이에너지,017300,00152631
남한제지,001950,00107923
코어비트,056850,00358095
동북아8호선박투자회사,082110,00510215
한국통신데이타,045760,00347619
케너텍,062730,00372013
다휘,055250,00353735
코오롱아이넷,022520,00186540
캠브리지코오롱,004620,00128759
네오세미테크,089240,00535588
디에이치패션,045260,00264981
핸디소프트,032380,00231521
케이엠에이치,009690,00159908
씨엘엘씨디,035710,00259493
현대푸드시스템,114410,00359641
고제,002540,00103325
메리츠종합금융,012420,00161639
제넥셀세인,034660,00211271
쓰리디월드,065340,00388272
스톰이앤에프,043680,00264796
소예,035010,00134909
엠엔에프씨,048640,00236368
하이트맥주,103150,00684547
보광티에스,066690,00251385
아인스엠앤엠,040740,00262682
씨엔씨엔터프라이즈,038420,00234555
아이알디,084810,00507257
바이나믹,067850,00417963
코크렙제7호위탁관리부동산투자회사,086720,00543523
엔빅스,054170,00300566
선팩테크,054010,00299376
마이크로닉스,001190,00112068
블루스톤디앤아이,033720,00257194
신지소프트,078700,00477372
맥쿼리센트럴오피스기업구조조정부동산투자회사,076850,00465410
테스텍,048510,00331760
중앙디자인,030030,00200761
에코페트로시스템,042870,00268297
한림창업투자,021060,00161301
헤쎄나,036270,00237260
미래에셋굿라이프혼합형자녀를위한투자회사10-1,037510,00297970
일공공일안경콘택트,032030,00107358
신동방CP,004660,00115427
지앤알,043630,00267474
셀런,013240,00134051
한국베트남15-1유전해외자원개발투자회사,093820,00596066
에이치원바이오,052310,00347363
씨앤중공업,008400,00150226
FnC코오롱,001370,00152914
제너비오믹스,017010,00158839
케드콤,011050,00159281
지엔텍홀딩스,065410,00210537
동부씨엔아이,044640,00240370
아이피에스,051820,00247887
에스브이에이치,046240,00268358
제이콤,060750,00316488
옥션,043790,00264130
네이쳐글로벌,088020,00540304
GB블루오션베트남주식혼합형투자회사1호,094950,00617299
엠씨티티코어,052210,00262275
에이스앤파트너스,032930,00200798
지앤디윈텍,061050,00335924
인터피온반도체,014010,00111591
솔로몬저축은행,007800,00189343
엠트론스토리지테크놀로지,046320,00252588
에스티앤아이,031800,00267997
사이노젠,064060,00367376
유퍼트,060670,00299686
엑스로드,074140,00463050
선우중공업,068770,00238913
남양,003020,00107446
엘지데이콤,015940,00114303
LG파워콤,045820,00318617
동산진흥,031960,00267775
티이씨,067950,00394574
한국기술산업,008320,00110176
지케이파워,054020,00349787
스타맥스,017050,00136554
유성티에스아이,024870,00144562
네오리소스,058550,00370547
케이알,035950,00242439
씨앤상선,000790,00134060
투미비티,058900,00392600
코아정보시스템,039990,00259855
케이에스리소스,066340,00385451
세계투어,047600,00258944
동양밸류오션기업인수목적,122290,00798530
케이이엔지,077960,00451268
사이버패스,063280,00336570
산양전기,079870,00363325
으뜸상호저축은행,032150,00148188
국제개발,080570,00508566
세신,004230,00133928
골든브릿지더블유엠경매부동산일호투자회사,084160,00540784
엘앤피아너스,061140,00298252
에이스일렉트로닉스,038690,00264556
디앤샵,090090,00581000
더체인지,054120,00359094
다산자기관리부동산투자회사,105380,00686970
써니트렌드,035500,00255309
뉴젠비아이티,054650,00362380
룩소네이트,033880,00244862
한서제약,044070,00301015
현대오토넷,042100,00297165
LG마이크론,016990,00105767
서광건설산업,001600,00173397
플러스프로핏,036660,00259606
한와이어리스,037020,00178471
포휴먼,049690,00331733
알이네트웍스,023670,00104892
케이알제2호개발전문위탁관리부동산투자회사,101790,00647917
미래에셋맵스오퍼튜니티베트남주식혼합형투자회사1호,094520,00597764
씨티엘테크,088960,00355821
이디디컴퍼니,052650,00329677
케이티프리텔,032390,00244871
메카포럼,035830,00246383
에스피코프,048130,00345499
이롬텍,045400,00348140
이앤텍,047450,00215107
기린,006070,00106508
맥스브로,088810,00560991
토자이홀딩스,037700,00265263
우방,013200,00142564
동양매직,023020,00198572
코웰이홀딩스유한공사,900020,00642648
아구스,078670,00537443
대한은박지,007480,00113173
인스프리트,073130,00441872
하이럭스,079340,00480844
트리니티,053070,00262044
카라반케이디이,032570,00101442
더존디지털웨어,045380,00295875
디보스,080140,00441298
포네이처,045290,00263885
테이크시스템즈,076090,00475532
폴켐,033190,00130204
유리이에스,007050,00128731
에프아이투어,047370,00325981
모빌탑,085680,00540021
올리브나인,052970,00362089
디패션,030420,00228916
알덱스,025970,00114215
에이엠에스,044770,00264103
오라바이오틱스,016160,00109648
시노펙스그린테크,037320,00261212
야호커뮤니케이션,059720,00348007
브이케이,048760,00275808
팬택앤큐리텔,063350,00375579
팬텀엔터테인먼트그룹,025460,00197324
삼성수산,052560,00339063
동북아15호선박투자회사,084240,00538497
비엔디,047940,00329084
쌈지,033260,00225140
브이오산업,018890,00101947
코디콤,041800,00287724
제네시스엔알디,052640,00347840
동북아6호선박투자회사,080410,00504357
인네트,041450,00269339
한국월드와이드아시아태평양특별자산1호투자회사,098150,00634959
헤파호프코리아,039350,00267094
휴리프,006210,00142698
하이스마텍,057100,00350057
삼성디지털이미징,108070,00721981
씨제이인터넷,037150,00248691
엠넷미디어,056200,00335562
온미디어,045710,00369675
유니텍전자,039040,00265078
위더스기술금융,019430,00267809
클라스타,037550,00314000
아시아미디어홀딩스,052810,00355292
아이스테이션,056010,00386557
동북아21호선박투자회사,088010,00548865
에이스디지텍,036550,00221320
부산저축은행,007830,00124054
에피밸리,068630,00301486
아세아페이퍼텍,009380,00149248
오페스,053470,00311298
액티투오,047710,00348557
에이치에스씨홀딩스,038920,00265342
한국고덴시,027840,00156734
나리지*온,036850,00208693
프로비타,014420,00128953
제로원인터랙티브,069470,00428792
제일화재해상보험,000610,00148744
동북아9호선박투자회사,083120,00518873
굿이엠지,051530,00300779
아이드림,066850,00397766
조인에너지,004820,00174305
태광이엔시,048140,00320807
렉스엘이앤지,004790,00106492
코리아퍼시픽05호선박투자회사,093400,00592583
엑큐리스,048460,00275260
일화모직공업,001590,00146719
우경,025920,00183914
세미텍,081220,00481676
그린손해보험,000470,00104971
대양글로벌,040180,00269773
엔하이테크,046720,00334767
제너시스템즈,073930,00453752
엘트온,015050,00140919
태산엘시디,036210,00255840
성원건설,012090,00133034
대우송도개발,004550,00161028
현대금속,018410,00174475
트라이써클,034010,00251482
아이비케이에스스마트에스엠이기업인수목적1호,126680,00824659
네스테크,037540,00259536
동북아5호선박투자회사,080980,00505198
파브코,101990,00679730
우리기업인수목적1호,122750,00803504
뉴젠아이씨티,054150,00350118
인젠,041630,00352295
지앤에스티,036920,00240088
영진코퍼레이션,053330,00356158
코크렙제8호위탁관리부동산투자회사,090540,00560025
유니온스틸,003640,00140380
경남모직,001670,00101275
씨티앤티,050470,00334493
대우증권그린코리아기업인수목적회사,121910,00797674
지노시스템,033850,00244589
한국투자신성장1호기업인수목적회사,123290,00802028
동원데어리푸드,003900,00164292
휴먼텍코리아,066060,00371519
에스에스씨피,071660,00126593
평산,089480,00220181
지디코프,036610,00254009
아시아퍼시픽2호선박투자회사,081190,00505541
무한투자,034510,00240398
동부티에스블랙펄기업인수목적,128910,00828309
블루젬디앤씨,053040,00349468
부국퓨쳐스타즈기업인수목적,123300,00808262
예당컴퍼니,049000,00252393
터보테크,032420,00229818
케이비물산,008540,00154189
연합과기공고유한공사,900030,00680161
글로스텍,012410,00102645
중국고섬공고유한공사,950070,00844884
코리아퍼시픽06호선박투자회사,093410,00592592
나노트로닉스,010670,00268437
미래에셋제1호기업인수목적,121950,00798284
에이원마이크로,037380,00164195
에이프로테크놀로지,045470,00264811
성우몰드,053440,00208301
모린스,110310,00676380
디지텍시스템스,091690,00543231
세븐코스프,017160,00103121
배명금속,011800,00122436
동북아4호선박투자회사,080970,00505189
사라콤,040020,00271413
폴리플러스,065610,00245296
하나물산,036280,00188122
영찬테크,085990,00480905
케이비부국제1호개발전문위탁관리부동산투자회사,149130,00890333
아시아퍼시픽8호선박투자회사,081930,00510534
진흥저축은행,007200,00150855
에듀언스,009010,00173634
성융광전투자유한공사,900150,00830377
샤인시스템,066300,00224567
씨모텍,081090,00582054
에스컴,014900,00125929
아시아퍼시픽1호선박투자회사,080180,00502793
아시아퍼시픽3호선박투자회사,081200,00505550
한국저축은행,025610,00104704
미리넷,056710,00361035
3노드디지탈그룹유한공사,900010,00630111
유일엔시스,038720,00264802
케이피케미칼,064420,00399773
이루넷,041030,00257529
대신증권그로쓰알파기업인수목적,123550,00804114
유에이블,071530,00416706
네오퍼플,028090,00121251
경윤하이드로에너지,019120,00173324
롯데미도파,004010,00121729
한화에스브이명장제1호기업인수목적,124050,00808226
셀텍,019260,00162577
에스비아이앤솔로몬드림기업인수목적,123910,00812229
위다스,056810,00351153
에스와이코퍼레이션,008080,00126885
어울림네트웍스,042820,00264741
에이디모터스,038120,00266989
평안물산,037240,00260693
아큐텍,013780,00267951
선진지주,014300,00132114
히든챔피언제1호기업인수목적,123160,00804983
동북아2호선박투자회사,080030,00502474
금강제강,105070,00579379
아라온테크,041060,00264857
우리금융지주,053000,00375302
코리언일랙트로닉스파워소스,046810,00252658
대국,042340,00264848
쎄라텍,041550,00138376
글로웍스,034600,00251190
중국식품포장유한공사,900060,00694003
동북아3호선박투자회사,080960,00505170
그린기술투자,025340,00116073
지아이바이오,035450,00259439
알에스넷,046430,00207436
나이스메탈,072530,00408585
대웅바이오,016890,00111829
엑세스바이오,950130,00956028
하나IB증권,003330,00115038
퓨쳐비젼,042570,00288653
이레전자산업,045310,00303837
레이더스컴퍼니,047420,00330017
포이보스,038810,00264769
미디어코프,053890,00308948
케이디세코,073780,00321222
이노블루,066200,00361202
도움,078610,00450728
엑스씨이,081500,00535773
코오롱유화,011020,00152950
세라온홀딩스,050600,00296069
현대경매부동산일호투자회사,083160,00521956
우수씨엔에스,060550,00360540
동북아31호선박투자회사,093730,00593519
후야인포넷,032050,00194372
이레아이엔씨,036900,00154693
카스코,005330,00106650
모델라인,064720,00368791
청람디지탈,035270,00220552
플래닛팔이,057330,00301626
한텔,041940,00294371
코스모스피엘씨,053170,00353683
나노하이텍,071360,00252375
쓰리소프트,036360,00260903
트라이콤,038410,00261461
케이엔에스홀딩스,036760,00265218
지비에스,076170,00471989
피더블유제네틱스,065910,00306986
엠텍반도체,054440,00356644
세니콘,056060,00305695
에스와이,004530,00151252
유씨아이콜스,065810,00257051
코크렙제3호CR리츠,073530,00459589
아이비진,039060,00264839
아이티센네트웍스,057110,00366164
리얼티코리아제1호기업구조조정부동산투자,072450,00436728
BHK,003990,00136235
포넷,048270,00328854
맥슨텔레콤,009890,00120960
예일바이오텍,054250,00220446
엔토리노,032590,00119733
두림티앤씨,033330,00119423
동북아27호선박투자회사,089170,00557067
동북아28호선박투자회사,089180,00557058
동북아30호선박투자회사,089200,00557030
동북아29호선박투자회사,089190,00557049
현주컴퓨터,038960,00244330
LG석유화학,012990,00120100
오브제,058680,00246657
휴닉스,009790,00130037
세이프아시아,066330,00405074
코크렙제1호기업구조조정부동산투자회사,067910,00398534
제이엠피,054790,00234449
위너스인프라인,005760,00165200
AP우주통신,015670,00150183
조이토토,044370,00268482
한도하이테크,060660,00363033
에너윈,055970,00364227
유레스메리츠제1호,073470,00458915
교보메리츠퍼스트기업구조조정부동산투자회사,064900,00386876
한일약품공업,003040,00163044
굿앤리치부동산공경매투자회사1호,085450,00543073
한국합섬,025830,00160445
굿앤리치부동산공경매투자회사2호,088510,00554468
디에스피이엔티,016040,00165565
시큐어소프트,037060,00300256
동부일렉트로닉스,001830,00138491
고려시멘트,003660,00102821
베스트플로우,060410,00377814
쿨투,056020,00364670
우영,012460,00143013
모빌링크텔레콤,041310,00263991
극동제혁,010200,00105183
한마음상호저축은행,025450,00173254
그로웰전자,009220,00101637
부흥,003930,00124513
알루코,021570,00139418
퍼시픽글라스,009080,00154417
아이인프라,008780,00119362
씨크롭,016970,00140353
외환신용카드,038400,00170451
삼화기연,033210,00267793
대흥멀티미디어통신,037250,00260639
텔슨정보통신,018180,00153852
비이티,036820,00248956
코오롱인터내셔널,063510,00390028
엔써커뮤니티,037750,00260888
써미트테크놀로지,039000,00275710
코리아이앤디,027440,00172103
트래픽아이티에스,038050,00263955
호성,035870,00261601
넥스텔,037220,00265254
쓰리알,037730,00255266
그로웰텔레콤,035780,00259916
서통,001150,00131434
테크메이트,043690,00271352
한아시스템,036020,00244932
엔에스아이,053250,00348052
케이티씨텔레콤,055810,00367598
신한SIT,054530,00267720
스마텔,004190,00147949
동방라이텍,025690,00203458
아이텍스필,008030,00130000
이수세라믹,032180,00145534
코크렙제2호기업구조조정부동산투자회사,070540,00425360
영풍산업,002850,00141334
모닷텔,048150,00384452
광덕물산,003590,00103583
동원증권,005890,00162142
우주통신,054080,00236021
기라정보통신,019930,00106483
텔슨전자,027350,00208374
하이콤정보통신,048540,00309983
미래에셋굿라이프혼합형자녀를위한펀드5-1,037500,00277727
한메엔에스,006150,00136217
이지클럽,038980,00229827
넷컴스토리지,037010,00247902
모디아,046000,00318477
성진산업,037650,00246815
아이엠아이티,038100,00260921
맥시스템,036880,00247762
슈마일렉트론,056500,00350224
센추리,006750,00101992
베네데스하이텍,009360,00151614
에스오케이,032610,00179832
세원텔레콤,036910,00241120
한강구조조정기금,036060,00277985
케이엔티,036590,00325918
대아리드선,009940,00110981
동신제약,006600,00116499
국민은행,031150,00104467
월드텔레콤,047610,00257361
업필,054370,00358730
화림모드,045920,00248406
디이시스,053200,00348788
대아건설,000380,00110963
중앙제지,005600,00149840
창민테크,042960,00267021
씨제이엔터테인먼트,049370,00330406
대백쇼핑,027700,00110079
지니웍스,036600,00141440
신광기업,001580,00135670
유진종합개발,023420,00144933
휘튼,066480,00371139
엠바이엔,031970,00218654
두산건설,002950,00115852
대호,001980,00113696
한신코퍼레이션,037120,00253514
금강화섬,010730,00105509
우리증권,001280,00163178
피코소프트,039580,00264185
바이오시스,035960,00265157
윌텍정보통신,039390,00270405
삼도물산,002930,00125406
현대멀티캡,035910,00258731
씨아이에스,144630,00822572
LG생명과학,068870,00423609
코리아퍼시픽01호선박투자회사,090970,00580603
코리아퍼시픽02호선박투자회사,090980,00580612
신양오라컴디스플레이,086830,00317830
미래에셋증권,037620,00311030
이룸지엔지,050640,00439053
에스와이이노베이션,194860,00992312
코리아퍼시픽03호선박투자회사,090990,00580621
코리아퍼시픽04호선박투자회사,091000,00580630
유아이에너지,050050,00262123
아시아퍼시픽14호선박투자회사,083610,00533696
제이에스전선,005560,00140362
아시아퍼시픽13호선박투자회사,083600,00533757
아시아퍼시픽10호선박투자회사,083570,00533580
현대에이블기업인수목적1호,204760,01041217
아시아퍼시픽11호선박투자회사,083580,00533793
아시아퍼시픽12호선박투자회사,083590,00533836
호반산업,004320,00144766
실리콘화일,082930,00525527
비엔씨컴퍼니,058370,00372989
동북아11호선박투자회사,083360,00529523
동북아14호선박투자회사,083390,00526474
디아이디,074130,00302801
부산방직공업,025270,00124018
현대에이치씨엔동작방송,034750,00255071
플렉스컴,065270,00364926
웹솔루스,160350,00350491
마이스코,088700,00450214
솔트웍스,222520,01022054
현대페인트,011720,00164955
한진해운,117930,00790501
글라소울,045050,00272412
팬택자산관리,025930,00207542
케이엔씨글로벌,068150,00394778
아이디에스,078780,00446460
훈영,017170,00188946
한솔아트원제지,007190,00137702
엠제이비,074150,00418476
바다로3호선박투자회사,092630,00587101
아이팩토리,053810,00351047
거북선5호선박투자회사,114130,00778040
거북선6호선박투자회사,114140,00778059
삼성물산,000830,00126229
피엘에이,082390,00496003
닉스테크,063840,00359030
아시아퍼시픽9호선박투자회사,081940,00510914
거북선4호선박투자회사,108890,00697329
중앙건설,015110,00149664
미래에셋새천년코리아벤처펀드일호,042950,00318839
하나은행,002860,00130897
에이스하이텍,071930,00183260
태창파로스,039850,00246347
평산차업집단유한공사,950010,00599230
스탠다드펌,179280,00970277
벽산건설,002530,00122922
NH농협증권,016420,00116860
아시아퍼시픽4호선박투자회사,081210,00505569
한화화인케미칼,025850,00160612
정다운,224090,00659435
지오엠씨,033030,00232317
에듀패스,031950,00130860
아이디에이치,026230,00113632
거북선7호선박투자회사,134000,00837680
서울상호저축은행,016560,00130815
와이즈파워,040670,00248123
코크렙제15호기업구조조정부동산투자회사,121550,00788807
티브로드한빛방송,043890,00270432
거북선3호선박투자회사,102000,00648697
동성하이켐,013450,00165529
클루넷,067130,00419989
코리아퍼시픽07호선박투자회사,099210,00637114
씨유전자,056340,00361114
삼목강업,158380,00125628
에스비엠,037630,00265227
솔빛미디어,044440,00267669
에프지엔개발전문자기관리부동산투자회사,119250,00693800
판타지오,187770,00991012
현대하이스코,010520,00164469
거북선1호선박투자회사,092970,00586652
삼양제넥스,003940,00132105
코아에스앤아이,052350,00345657
자원메디칼,181980,00810531
삼우이엠씨,026250,00127370
어울림정보기술,038320,00261124
티브로드도봉강북방송,035210,00244729
티이씨앤코,008900,00138127
화인자산관리,010460,00156521
세실,084450,00446831
삼양엔텍,008720,00127024
로케트전기,000420,00120377
신일건업,014350,00136970
제일모직,001300,00148328
퓨얼셀파워,139170,00842479
아루히,950100,00907660
지티앤티,053870,00351269
모아에스앤에스,052880,00350251
어울림엘시스,033280,00206127
이코리아자기관리부동산투자회사,138440,00846396
SK,003600,00144155
에이치앤아이,103650,00678281
디에스,051710,00314888
유니드코리아,110500,00653990
아이레보,072430,00451116
포스코티엠씨,010150,00159926
거북선2호선박투자회사,101380,00648688
아시아퍼시픽5호선박투자회사,082240,00512550
아시아퍼시픽7호선박투자회사,082260,00512532
아시아퍼시픽6호선박투자회사,082250,00512541
한국ANKOR유전,152550,00907013
에스케이제1호기업인수목적,207930,01047929
대우기업인수목적3호,215580,01064315
엔에이치에스엘기업인수목적,207720,01047567
케이티비기업인수목적1호,204650,01043871
미래에셋제3호기업인수목적,215750,01065536
넥솔론,110570,00636045
디피앤케이,189700,00632331
비앤에스미디어,156170,00974459
세화피앤씨,085980,00461690
에스지에이시스템즈,232290,01111057
미래자원엠엘,233190,00653112
웨이포트유한공사,900130,00823687
아스팩오일,232360,00318538
하이골드오션2호선박투자회사,139200,00855145
골든브릿지제2호기업인수목적,206660,01046179
대성합동지주,005620,00110495
중국원양자원유한공사,900050,00722500
캐로스,260490,01018167
아시아퍼시픽15호선박투자회사,083620,00533678
하나머스트3호기업인수목적,208870,01047716
신성에프에이,104120,00686147
신성이엔지,104110,00686068
글로벌에스엠,900070,00783246
씨케이에이치,900120,00800084
한진피앤씨,061460,00163619
나이코,192240,00967778
대우기업인수목적2호,204440,01038161
에스에스컴텍,036500,00267960
동북아10호선박투자회사,083350,00529310
골든브릿지제3호기업인수목적,219580,01080410
제이앤유글로벌,086200,00413824
케이비제8호기업인수목적,222390,01090301
베트남개발1,096300,00626710
패션플랫폼,256090,01010572
키움제3호기업인수목적,218710,01075047
유디피,091270,00612115
유진기업인수목적3호,221200,01089828
이스트아시아홀딩스,900110,00799070
한화에이스기업인수목적2호,219860,01087079
엔에이치기업인수목적7호,217810,01072660
교보5호기업인수목적,223040,01091391
케이비드림투게더제3호기업인수목적,221950,01089961
유안타제2호기업인수목적,219960,01089387
에스엠로보틱스,252940,01111765
시냅스엠,246830,01115257
인산가,062580,00408336
동부제4호기업인수목적,230490,01109186
태경피엔에스,235090,01095892
카카오엠,016170,00130949
썬코어,051170,00202778
케이엠제약,237720,01090921
키움제4호기업인수목적,226850,01102800
도레이케미칼,008000,00148717
디와이엘엔제이,207230,00959265
엔에스브이,095300,00447478
심팩메탈,090730,00163789
씨제이이앤엠,130960,00838421
이베스트기업인수목적3호,225440,01094565
완리인터내셔널홀딩스,900180,00842327
하림홀딩스,024660,00156044
대덕GDS,004130,00109170
위너지스,026260,00207223
스틸플라워,087220,00454265
GRT,900290,01170962
트레이스,052290,00348177
케이비제9호기업인수목적,232270,01111020
하이에이아이1호기업인수목적,235010,01117103
넥스콘테크놀러지,038990,00264644
덴소코리아,047060,00334244
프렉코,082220,00535719
차이나하오란리사이클링유한공사,900090,00790121
한국패러랠,168490,00960641
원익테라세미콘,123100,00569992
윙입푸드,900340,01328639
나무기술,167380,00925453
루트원플러스,046400,00263140
한국제4호기업인수목적,240540,01130937
씨그널엔터테인먼트그룹,099830,00232496
극동자동화,272420,01088458
세원화성,007910,00108047
맵스리얼티1,094800,00600013
에스피컴텍,039110,00268181
세왕,111610,00609254
에스와이제이,251540,01117495
피엠디아카데미,144740,00835734
본느,242420,01119217
씨엘인터내셔널,037340,00241236
트러스와이제7호위탁관리부동산투자회사,140890,00865382
중앙바이오텍,015170,00149877
보진재,030950,00123514
로스웰,900260,01139266
골든센츄리,900280,01168143
제이에스피브이,250300,01018954
오가닉티코스메틱,900300,01169434
자비스,230400,00921475
미래에셋대우기업인수목적1호,265480,01199985
세종머티리얼즈,135270,00619020
신한제3호기업인수목적,257730,01179839
줌인터넷,229480,01095397
한국비엔씨,226610,01051339
인프라웨어테크놀러지,247300,01113277
한화에이스기업인수목적3호,264290,01197428
씨앤케이인터내셔널,039530,00252755
아이엘사이언스,122050,01181940
포인트엔지니어링,176560,00580180
한컴지엠디,077280,00473400
아이이,023430,00100717
한국가스공사,036460,00261285
사조해표,079660,00503899
에스티씨라이프,026220,00133317
한화수성기업인수목적,265920,01201581
현대정보기술,026180,00200956
에스케이제3호기업인수목적,232330,01111570
영현무역,242850,01113781
엔케이맥스,262760,01212383
대신밸런스제4호기업인수목적,262830,01194759
바이옵트로,222160,01037542
비지스틸,179440,00872850
썬테크놀로지스,122800,00527880
동양텔레콤,007150,00117638
종근당,185750,00992871
유쎌,252370,01063963
소프트캠프,210610,00656340
알로이스,271400,01194892
에임하이글로벌,043580,00222806
한국제5호기업인수목적,271740,01234525
해피드림,065180,00389679
세방전지,004490,00133858
동북아13호선박투자회사,083380,00526465
디케이씨,047440,00324104
다린,204690,00410678
두올,016740,00119672
디비엘,041500,00291152
수프로,185190,00830447
골프존,215000,01067516
엔스퍼트,098400,00595243
기신정기,092440,00106614
3S,060310,00378363
하이골드오션8호국제선박투자회사,159650,00930321
일레덱스홀딩스,033550,00268011
SV인베스트먼트,289080,00599151
더스텔라,065310,00307037
차이나그레이트스타인터내셔널리미티드,900040,00695464
대동전자,008110,00157104
코오롱티슈진,950160,01245062
보루네오가구,004740,00123152
한미약품,128940,00828497
케미메디,205290,01086812
휴코드,036840,00165361
체시스,033250,00125576
한솔제지,213500,01060744
모아텍,033200,00241209
SK이노베이션,096770,00631518
씨티네트웍스,189540,00961136
이푸른,185280,00893923
엘브이엠씨,900140,00838500
SBI핀테크솔루션즈,950110,00938688
미성포리테크,094700,00530796
자유투어,046840,00343127
대신정보통신,020180,00110875
농심,004370,00108241
파인넥스,123260,00671437
한국주강,025890,00159564
예스24,053280,00362858
피에스텍,002230,00155638
아리온,058220,00441128
동신건설,025950,00116408
지놈앤컴퍼니,314130,01276026
DGB금융지주,139130,00878915
영신금속,007530,00140858
제일바이오,052670,00185505
세명전기,017510,00133751
대동스틸,048470,00109268
엘비세미콘,061970,00412348
블루콤,033560,00238001
스카이이앤엠,131100,00814786
PN풍년,024940,00133557
다스코,058730,00353878
카카오게임즈,293490,01137383
코오롱머티리얼,144620,00652159
조일알미늄,018470,00149239
비비안,002070,00107677
네오티스,085910,00447928
씨아이테크,004920,00127158
동운아나텍,094170,00695969
대림통상,006570,00109824
다우기술,023590,00176914
카카오,035720,00258801
코다코,046070,00295857
리노공업,058470,00369657
파수,150900,00638487
태양,053620,00186717
정원엔시스,045510,00147772
케이씨피드,025880,00101752
웹젠,069080,00405320
우리넷,115440,00664048
마이크로디지탈,305090,01267967
한국단자공업,025540,00157070
텔코웨어,078000,00361488
대성산업,128820,00828789
유비벨록스,089850,00592653
휴림로봇,090710,00540429
KCI,036670,00265041
문배철강,008420,00121570
오성첨단소재,052420,00350048
동양에스텍,060380,00178851
코메론,049430,00152783
디아이씨,092200,00112165
에스앤더블류,103230,00137012
와이솔,122990,00759294
신세계건설,034300,00217947
나노,187790,00994994
손오공,066910,00306870
새로닉스,042600,00147994
피씨디렉트,051380,00297934
넵튠,217270,01067808
제룡전기,033100,00185356
풍국주정,023900,00155452
이지홀딩스,035810,00242378
이지바이오,353810,01480568
팜스토리,027710,00192499
마니커,027740,00204208
자연과환경,043910,00418379
JW신약,067290,00110431
코리아써키트,007810,00152686
케이피엠테크,042040,00206686
하이골드12호,172580,00954242
이큐셀,160600,00818472
케이엠제약,225430,01095704
교보9호스팩,331520,01398151
네추럴FNP,086220,00523176
로보로보,215100,01063990
SM Life Design,063440,00367604
롯데관광개발,032350,00231372
부산주공,005030,00124151
DSR제강,069730,00151298
교보10호기업인수목적,355150,01476219
아이비김영,339950,01414422
메디안디노스틱,233250,01035942
대동금속,020400,00191287
미래에셋맵스리츠,357250,01437292
한국정밀기계,101680,00257732
비비씨,318410,01153105
삼기,122350,00799177
씨앤에스링크,245450,01116380
유나이티드,033270,00158963
고려개발,004200,00102681
신원종합개발,017000,00136925
부스타,008470,00124276
신영와코루,005800,00136624
프럼파스트,035200,00356389
아이엠,101390,00609634
엔케이물산,009810,00103130
유화증권,003460,00145190
조광ILI,044060,00291860
경남제약,053950,00307028
SFA반도체,036540,00301246
디자인,227100,01207761
BGF리테일,282330,01263022
위즈코프,038620,00264228
HDC현대산업개발,294870,01310269
지니언스,263860,00962223
진매트릭스,109820,00552992
우정바이오,215380,01065013
케이티앤지,033780,00244455
제닉,123330,00624998
삼화전자공업,011230,00129280
녹십자,006280,00129679
녹십자홀딩스,005250,00108135
삼부토건,001470,00125974
테라젠이텍스,066700,00249894
동아화성,041930,00199988
파라텍,033540,00105138
예스코홀딩스,015360,00105101
시노펙스,025320,00203023
모나리자,012690,00173102
티웨이홀딩스,004870,00109514
아이비케이에스제7호기업인수목적,276920,01243550
경인양행,012610,00102113
네오위즈홀딩스,042420,00266952
이수화학,005950,00145552
세진티에스,067770,00406727
TS인베스트먼트,246690,00778235
종근당바이오,063160,00390055
다날,064260,00389970
씨앤지하이테크,264660,00605328
대상,001680,00121941
디아이티,110990,00576798
삼화왕관,004450,00129235
백산,035150,00122551
이지스밸류플러스리츠,334890,01394377
풍강,093380,00155373
엔씨소프트,036570,00261443
피에스케이홀딩스,031980,00208444
LG이노텍,011070,00105961
무림SP,001810,00121507
신한지주,055550,00382199
피엔에이치테크,239890,01112889
비엔디생활건강,215050,01055317
삼성바이오로직스,207940,00877059
오렌지라이프생명보험,079440,00176792
신한은행,000010,00149293
한화투자증권,003530,00148610
하림지주,003380,00148364
제주은행,006220,00148832
에스코넥,096630,00573269
삼성제약,001360,00126414
코웨이,021240,00170558
현대퓨처넷,126560,00403632
화인베스틸,133820,00661847
극동전선,006250,00105165
퓨쳐스트림네트웍스,214270,01061497
CNH,023460,00149266
세아메탈,033020,00206084
효성오앤비,097870,00367385
씨아이에스,222080,01090471
소리바다,053110,00352718
현대차증권,001500,00137997
아모텍,052710,00298447
전북은행,006350,00147295
한화생명,088350,00113058
신한금융투자,008670,00138321
엠에프엠코리아,251960,00814810
티에스트릴리온,284610,01186811
엔투텍,227950,01105621
SK증권,001510,00131850
NAVER,035420,00266961
삼영이엔씨,065570,00288343
에스앤씨엔진그룹,900080,00786331
선진뷰티사이언스,086710,00132202
SK케미칼,285130,01267170
대동고려삼,178600,00910202
삼성카드,029780,00126292
코리아센터,290510,00540340
AP시스템,265520,01203808
엠브레인,169330,00877174
컬러레이,900310,01236286
대덕전자,353200,01478712
금호타이어,073240,00481454
드림티엔터테인먼트,220110,01066030
노랑풍선,104620,00632845
삼아제약,009300,00126788
대상홀딩스,084690,00539274
TJ미디어,032540,00201733
윈스,136540,00868705
JYP Ent.,035900,00258689
애니젠,196300,00808086
엠투아이,347890,00670766
현진소재,053660,00188715
흥국화재,000540,00103176
인터엠,017250,00145914
유진스팩4호,321260,01359736
유진스팩5호,331380,01393721
에스씨엠생명과학,298060,01110474
방림,003610,00122348
이트론,096040,00480756
이지스레지던스리츠,350520,01436628
이녹스첨단소재,272290,01237540
바이오리더스,142760,00587925
넥스지,081970,00584362
화천기계,010660,00166500
원익머트리얼즈,104830,00623661
티씨엠생명과학,228180,01067242
멜파스,096640,00609315
부광약품,003000,00123718
케이티스카이라이프,053210,00349097
아바코,083930,00442145
신성이엔지,011930,00136271
플리토,300080,01237434
승일,049830,00135467
푸른기술,094940,00537832
선데이토즈,123420,00815767
위월드,140660,00663289
한국토지신탁,034830,00233653
미원화학,134380,00855163
만호제강,001080,00120872
에이치엔에스하이텍,044990,00311216
코미팜,041960,00187415
하이록코리아,013030,00165060
키움증권,039490,00296290
에이디칩스,054630,00356927
유신,054930,00144650
마이크로컨텍솔,098120,00568188
라임,065160,00389387
톱텍,108230,00531917
메타랩스,090370,00442835
APS홀딩스,054620,00296078
에스알바이오텍,270210,01187458
한창산업,079170,00202839
차바이오텍,085660,00525679
일진다이아,081000,00508274
티와이홀딩스,363280,01497869
엑시콘,092870,00611736
중앙백신,072020,00415327
나눔테크,244880,01117422
해원에스티,058480,00252001
엘에이티,311060,01264234
이글루시큐리티,067920,00364847
에이치케이,044780,00235183
강원,114190,00100601
팜스빌,318010,00986898
SG&G,040610,00264714
동일고무벨트,163560,00939687
금비,008870,00168401
참엔지니어링,009310,00153621
셀바스헬스케어,208370,01047451
한국정보공학,039740,00261957
디엔에이링크,127120,00642541
골프존뉴딘홀딩스,121440,00674498
이미지스,115610,00694942
인카금융서비스,211050,01013694
성도이엔지,037350,00216498
한국맥널티,222980,00579139
한라홀딩스,060980,00299002
코원에너지서비스,026870,00112907
참좋은여행,094850,00606770
육일씨엔에쓰,191410,00843900
바다로19호,155900,00910947
바이오솔루션,086820,00560982
롯데하이마트,071840,00158307
제이에스티나,026040,00120289
선진,136490,00855093
폴루스바이오팜,007630,00167280
동일기연,032960,00199076
성광벤드,014620,00132318
케이탑리츠,145270,00861076
태경케미컬,006890,00109161
휴켐스,069260,00426086
사람인에이치알,143240,00857480
SK6호스팩,340350,01414936
BNK금융지주,138930,00858364
대신증권,003540,00110893
대우건설,047040,00124540
동양이엔피,079960,00178790
와이오엠,066430,00370200
우진비앤지,018620,00103547
세중,039310,00264671
데브시스터즈,194480,01008762
퀀타매트릭스,317690,01311286
압타바이오,293780,01251595
위드텍,348350,00925587
아프리카TV,067160,00399694
다원넥스뷰,323350,01344363
심텍홀딩스,036710,00152127
심텍,222800,01095722
솔트룩스,304100,01050738
팬엔터테인먼트,068050,00397191
솔루엠,248070,01159233
KB오토시스,024120,00157539
썸에이지,208640,01049422
에스에이엠티,031330,00128661
파루,043200,00266934
테라사이언스,073640,00373021
엔피씨,004250,00108038
경동제약,011040,00101549
성우하이텍,015750,00132992
바이오톡스텍,086040,00447502
유성기업,002920,00174004
유니온머티리얼,047400,00369833
홈센타홀딩스,060560,00288495
텔라움,047730,00304401
셀트리온헬스케어,091990,00554024
OQP,078590,00230814
에스케이씨에스,224020,00878517
이엠앤아이,083470,00475718
에이루트,096690,00608839
현대바이오,048410,00313649
멕아이씨에스,058110,00270113
아래스,050320,00245898
스페코,013810,00136165
에이씨티,138360,00808068
페이퍼코리아,001020,00134723
KD,044180,00111218
노루홀딩스,000320,00113508
루켄테크놀러지스,162120,00886792
라온피플,300120,01251489
한세실업,105630,00728638
앤디포스,238090,00942131
브릿지바이오,288330,01227039
제우스,079370,00442570
파미셀,005690,00145163
아이앤씨,052860,00365758
에스엠코어,007820,00137915
라닉스,317120,01327092
코미코,183300,00997812
영풍정밀,036560,00141389
YTN,040300,00200275
휴메딕스,200670,00614478
위니아딤채,071460,00300557
이아이디,093230,00480950
대유에이텍,002880,00149804
한전산업,130660,00194947
특수건설,026150,00186939
GH신소재,130500,00491938
네이블커뮤니케이션즈,153460,00842585
네오크레마,311390,01219155
모트렉스,118990,00876908
에스티오,098660,00612188
OCI,010060,00148896
코콤,015710,00187725
바이온,032980,00232089
갤럭시아에스엠,011420,00129554
금강철강,053260,00105475
텔레칩스,054450,00423177
HRS,036640,00230911
덕성,004830,00114093
원바이오젠,307280,01326224
성문전자,014910,00132628
세원정공,021820,00134316
빙그레,005180,00124726
영흥,012160,00141477
코센,009730,00116426
SGA솔루션즈,184230,00988364
세원,234100,00617998
평화산업,090080,00573579
한국유니온제약,080720,00532855
나이스정보통신,036800,00264945
넥센타이어,002350,00173874
KG케미칼,001390,00101220
한솔홀딩스,004150,00171636
녹십자엠에스,142280,00513948
제주반도체,080220,00447487
에이프로젠제약,003060,00101044
오리엔탈정공,014940,00141608
에이프로젠 H&G,109960,00653194
엔지스테크널러지,208860,01084364
인스코비,006490,00122825
우리종금,010050,00104102
신송홀딩스,006880,00136402
대원,007680,00111838
도이치모터스,067990,00449379
지트리비앤티,115450,00552859
비보존 헬스케어,082800,00533191
오픈베이스,049480,00335076
콤텍시스템,031820,00186559
PI첨단소재,178920,00767460
넥상스코리아,003050,00110547
파워풀엑스,266870,01190780
한국철강,104700,00687711
KISCO홀딩스,001940,00159740
이연제약,102460,00145598
세방,004360,00133812
평화홀딩스,010770,00155124
한국가구,004590,00156442
한진중공업홀딩스,003480,00163673
코엔텍,029960,00197476
핑거,163730,01142075
동북아12호선박투자회사,083370,00526447
대원산업,005710,00111874
메디포스트,078160,00453929
금화피에스시,036190,00176516
이엠티,232530,00925967
화신,010690,00166315
보령제약,003850,00123143
큐리언트,115180,01042650
드림씨아이에스,223250,00916826
흥아해운,003280,00167208
송원산업,004430,00134963
메디아나,041920,00273439
와이엠씨,155650,00870861
예선테크,250930,01166109
삼영무역,002810,00127167
티에스아이,277880,01139035
마이크로프랜드,147760,00654175
프로테옴텍,303360,01267958
서플러스글로벌,140070,00599285
코스모신소재,005070,00129989
효성화학,298000,01316236
메디톡스,086900,00580199
대한제강,084010,00113225
GV,045890,00455112
하나제약,293480,00248974
롯데지주,004990,00120562
GS리테일,007070,00140177
경남은행,192520,01030132
원텍,216280,00311270
삼성증권,016360,00104856
서연,007860,00163114
한일네트웍스,046110,00277736
인지디스플레,037330,00265421
GS홈쇼핑,028150,00207755
대한뉴팜,054670,00207375
대한그린파워,060900,00367695
상상인,038540,00306162
위세아이텍,065370,00374738
동양피스톤,092780,00117726
맥쿼리인프라,088980,00435297
디에스티,033430,00244419
드래곤플라이,030350,00230036
에이팸,073070,00235147
클리오,237880,00957735
라이온켐텍,171120,00317104
나우IB,293580,00651017
DB손해보험,005830,00159102
SK텔레콤,017670,00159023
옴니시스템,057540,00265005
엠게임,058630,00397058
모보,051810,00347442
인터지스,129260,00151368
한국스탠다드차타드은행,000110,00148504
삼익THK,004380,00127802
GS건설,006360,00120030
화천기공,000850,00166519
아이씨케이,068940,00308896
S-Oil,010950,00138279
기산텔레콤,035460,00258421
엔케이,085310,00172228
대한제당,001790,00113234
대정화금,120240,00250997
인포마크,175140,00861997
해성옵틱스,076610,00483735
대명소노시즌,007720,00104810
디케이락,105740,00533003
CJ씨푸드,011150,00129013
다산네트웍스,039560,00268251
효성첨단소재,298050,01316254
효성티앤씨,298020,01316227
올릭스,226950,01113718
현대엘리베이터,017800,00164724
쿠쿠홀딩스,192400,00132354
무림P&P,009580,00119007
인바이오,352940,00367871
펄어비스,263750,01152470
율호,072770,00583026
케이비증권,003450,00164876
한국씨티은행,016830,00161444
진성티이씨,036890,00174208
SDN,099220,00574611
형지엘리트,093240,00441243
쌍용정보통신,010280,00138303
인터파크,108790,00598587
이건홀딩스,039020,00184889
이건산업,008250,00145446
THE MIDONG,161570,00945208
동성제약,002210,00116268
유투바이오,221800,01026616
베노홀딩스,206400,01043853
에이티세미콘,089530,00458562
신도기연,290520,00961570
로보티즈,108490,00946030
피씨엘,241820,01051092
코리아에스이,101670,00527491
한국콜마,161890,00939331
카페24,042000,00260879
나우코스,257990,00425254
스카이문스테크놀로지,033790,00276083
핸즈코퍼레이션,143210,00119140
브이원텍,251630,01027794
코세스,089890,00365934
애경산업,018250,00139454
세운메디칼,100700,00362201
삼화콘덴서공업,001820,00129350
데코앤이,017680,00112819
토탈소프트,045340,00355089
미래아이앤지,007120,00104786
ISC,095340,00572905
남성,004270,00172185
이니텍,053350,00353610
SM C&C,048550,00185046
DB금융스팩8호,367340,01505450
노터스,278650,01189438
소마젠,950200,01442115
슈프리마에이치큐,094840,00599957
대신밸런스제9호스팩,369370,01508855
엘이티,297890,00523936
신흥에스이씨,243840,00807379
휴네시온,290270,01251577
DB금융투자,016610,00115694
SK네트웍스,001740,00131780
에이펙스인텍,207490,00832700
세원물산,024830,00173591
한진칼,180640,00983040
한성기업,003680,00161860
큐렉소,060280,00356802
한국정보통신,025770,00159342
삼성출판사,068290,00423690
디엠티,134580,00608699
덕양산업,024900,00114154
아진카인텍,011400,00173069
플럼라인생명과학,222670,01063237
제노텍,066830,00393618
영보화학,014440,00140779
하나금융16호스팩,343510,01419384
파워넷,037030,00231354
한섬,020000,00188089
창해에탄올,004650,00123523
한국타이어앤테크놀로지,161390,00937324
CS홀딩스,000590,00149026
조선선재,120030,00796994
현대글로비스,086280,00360595
나노신소재,121600,00439965
삼지전자,037460,00128315
동일철강,023790,00172945
조광피혁,004700,00148939
신한제4호기업인수목적,277480,01243772
삼보모터스,053700,00351092
영원무역홀딩스,009970,00140964
파나진,046210,00172079
에스씨디,042110,00171867
우수AMS,066590,00301422
세보엠이씨,011560,00133876
화성산업,002460,00174527
KPX홀딩스,092230,00587466
KPX케미칼,025000,00191472
핸디소프트,220180,00793155
디케이티,290550,01137903
라이프사이언스테크놀로지,285770,01187175
세종공업,033530,00134510
파트론,091700,00490151
박셀바이오,323990,01335851
KC그린홀딩스,009440,00159971
모바일어플라이언스,087260,00556615
펨토바이오메드,327610,01336735
코퍼스코리아,322780,01364297
파마리서치바이오,217950,01066058
디에이테크놀로지,196490,00660121
금강공업,014280,00105299
제이엠티,094970,00533508
오디텍,080520,00529815
진양화학,051630,00347734
성우테크론,045300,00350482
오스코텍,039200,00263654
나노캠텍,091970,00542074
인지컨트롤스,023800,00103510
에이비프로바이오,195990,00620558
디지아이,043360,00295547
휴니드테크놀러지스,005870,00111421
한글과컴퓨터,030520,00204262
무학,033920,00121543
세아제강,306200,01325979
딜리,131180,00629212
위메이드,112040,00444329
엘티씨,170920,00866062
플레이위드,023770,00138367
시공테크,020710,00170026
신원,009270,00136864
덕신하우징,090410,00454937
인천도시가스,034590,00145862
액트로,290740,01141942
신풍제약,019170,00137359
하나머스트제6호스팩,307160,01326260
한솔피엔에스,010420,00103626
티에스엠텍,066350,00397243
SKC,011790,00139889
현대미포조선,010620,00164609
대창스틸,140520,00112721
에스티아이,039440,00298340
디오,039840,00115931
한독크린텍,256150,01069736
KMH,122450,00657987
그리티,204020,00671978
지에스이,053050,00351995
모두투어,080160,00456218
와이아이케이,232140,01109539
자비스,254120,01174038
한세예스24홀딩스,016450,00161976
유니크,011320,00147152
아이큐어,175250,00554352
NICE평가정보,030190,00158325
이노진,344860,01419135
제노레이,122310,00799539
대봉엘에스,078140,00442826
부산도시가스,015350,00123967
코썬바이오,204990,00874195
한국전기초자,009720,00159175
풀무원식품,103160,00684732
한세엠케이,069640,00357360
솔본,035610,00249982
이엔플러스,074610,00469799
매일홀딩스,005990,00120924
대우부품,009320,00111689
세아베스틸,001430,00106669
한온시스템,018880,00161125
크로바하이텍,043590,00260611
에스티큐브,052020,00273110
한국석유공업,004090,00157991
지앤엘,014590,00106456
원바이오젠,278380,01138993
유니드,014830,00159786
이에스산업,241510,01119387
CJ,001040,00148540
상신전자,263810,00760999
일지테크,019540,00146560
엔브이에이치코리아,067570,00146436
아모그린텍,125210,00611912
큐로컴,040350,00346407
나라엠앤디,051490,00297095
BYC,001460,00122579
아이컴포넌트,059100,00407285
화신정공,126640,00825223
경남스틸,039240,00206039
시너지이노베이션,048870,00475985
코프라,126600,00599595
DSR,155660,00110608
매일유업,267980,01234507
유성티엔에스,024800,00173999
세화아이엠씨,145210,00453488
동국제약,086450,00114808
원익,032940,00210980
크리스탈신소재,900250,01107665
광진실업,026910,00104120
KBI메탈,024840,00158024
성창기업지주,000180,00133335
아나패스,123860,00761952
우리은행,000030,00254045
드림라인,035430,00249034
태경산업,015890,00153339
쎄니트,037760,00239596
한화에스비아이스팩,317320,01351822
조아제약,034940,00231831
원익QnC,074600,00468374
HSD엔진,082740,00361008
비트컴퓨터,032850,00231707
한컴위드,054920,00363592
코리아오토글라스,152330,00351418
국보디자인,066620,00253985
오이솔루션,138080,00571483
중앙에너비스,000440,00149770
루트로닉,085370,00549925
서원인텍,093920,00445799
대륙제관,004780,00109587
이녹스,088390,00494476
신한,005450,00173740
에스엘에스바이오,246250,01112700
KCC건설,021320,00105466
하이즈항공,221840,00688358
포시에스,189690,00939942
유엑스엔,337840,01396931
아우딘퓨쳐스,227610,01080687
유진증권,001200,00131054
아이티센,124500,00620868
제주항공,089590,00555874
지코,010580,00147860
대한해운,005880,00113535
에프앤가이드,064850,00331016
서전기전,189860,00869272
이노벡스,279060,01353848
두산건설,011160,00102760
SNK,950180,01338724
비에이치,090460,00447609
백금T&A,046310,00360036
프로스테믹스,203690,01036367
이노와이어리스,073490,00462121
럭슬,033600,00264787
현대해상,001450,00164973
나노브릭,286750,01136001
메디앙스,014100,00267854
에프알텍,073540,00442561
NHN한국사이버결제,060250,00357740
오로라,039830,00141556
신성통상,005390,00136341
농업회사법인아시아종묘,154030,00867478
아이즈비전,031310,00200910
매직마이크로,127160,00806972
젬백스,082270,00492894
HB테크놀러지,078150,00255275
카이노스메드,220250,00843830
인화정공,101930,00482426
코아스,071950,00210856
잉크테크,049550,00261656
이수페타시스,007660,00107613
티피씨글로벌,130740,00578538
명진홀딩스,267060,01190513
삼현철강,017480,00128926
레드캡투어,038390,00261355
알에프세미,096610,00516246
에프앤리퍼블릭,064090,00390408
대구백화점,006370,00108977
아이톡시,052770,00346911
마이더스AI,222810,01091382
구영테크,053270,00202060
다우데이타,032190,00238782
큐브앤컴퍼니,043090,00351454
인콘,083640,00475976
동진쎄미켐,005290,00118804
한국화장품제조,003350,00160621
티에스이,131290,00372226
대성미생물,036480,00177320
홈캐스트,064240,00385336
비에이치아이,083650,00409788
파인디지털,038950,00264732
한네트,052600,00244783
아이오케이,078860,00543204
카스,016920,00152260
케이에스피,073010,00328191
이오테크닉스,039030,00246417
NI스틸,008260,00116301
나노엔텍,039860,00230425
코렌텍,104540,00541437
하나투어,039130,00269940
오리콤,010470,00141671
부국철강,026940,00123781
솔고바이오,043100,00220109
동화기업,025900,00173032
남양유업,003920,00107598
에이치엘비생명과학,067630,00365590
시티랩스,139050,00656021
일야,058450,00146427
인터파크,035080,00244561
인바디,041830,00269922
유라테크,048430,00201742
엠젠플러스,032790,00110884
키네마스터,139670,00535375
한미사이언스,008930,00161426
아세아텍,050860,00138747
보락,002760,00123107
WISCOM,024070,00142865
동방선기,099410,00526678
디에이치피코리아,131030,00831428
지더블유바이텍,036180,00257149
에이트원,230980,01110076
비씨월드제약,200780,00256043
카프로,006380,00159810
코스모화학,005420,00160302
뉴로스,126870,00638539
아이마켓코리아,122900,00360142
미래나노텍,095500,00526836
삼성전기,009150,00126371
실리콘웍스,108320,00525934
에이텍,045660,00256502
뉴보텍,060260,00351375
이글벳,044960,00145473
크루셜텍,114120,00618401
디젠스,113810,00576789
진바이오텍,086060,00491053
팬스타엔터프라이즈,054300,00339072
인디에프,014990,00106881
다믈멀티미디어,093640,00536888
한국종합기술,023350,00159500
KG ETS,151860,00366137
한진중공업,097230,00633835
엔피케이,048830,00108490
티엘아이,062860,00261887
하나유비에스암바토비니켈해외자원개발2호,099350,00647935
하나유비에스암바토비니켈해외자원개발1호,099340,00647883
하나금융14호스팩,332710,01395279
크로넥스,215570,01034730
인트론바이오,048530,00292434
인피니트헬스케어,071200,00435969
대성파인텍,104040,00442905
서부T&D,006730,00130383
시큐브,131090,00402110
케이씨씨,002380,00105271
현대백화점,069960,00428251
토박스코리아,215480,01064069
대성창투,027830,00109037
영화금속,012280,00141413
코스온,069110,00402989
코드네이처,078940,00501970
프리엠스,053160,00352064
삼천당제약,000250,00128546
천일고속,000650,00151395
LS네트웍스,000680,00104698
케이씨씨글라스,344820,01428203
유니셈,036200,00260569
LG전자,066570,00401731
한화손해보험,000370,00135917
에스에너지,095910,00585538
KB손해보험,002550,00120216
소프트센,032680,00204226
푸른저축은행,007330,00124805
한국제지,002300,00159412
에이티넘인베스트,021080,00161462
효성 ITX,094280,00414850
이스타코,015020,00134565
태광,023160,00153375
에스엠,041510,00260930
크린앤사이언스,045520,00185222
지란지교시큐리티,208350,01047169
ESR켄달스퀘어리츠,365550,01437186
하이소닉,106080,00542898
바이오스마트,038460,00240857
엔에스컴퍼니,224760,00929228
양지사,030960,00139685
금호에이치티,214330,00105606
오공,045060,00220969
KT서브마린,060370,00225742
화승엔터프라이즈,241590,01128613
화승인더스트리,006060,00166227
러셀,217500,01068348
기가레인,049080,00377018
텔콘RF제약,200230,00608802
씨티씨바이오,060590,00362292
STX중공업,071970,00406046
제이엠아이,033050,00222435
케이씨에스,115500,00441650
코아시아,045970,00271501
한국금융지주,071050,00432102
LG하우시스,108670,00759513
아모레퍼시픽,090430,00583424
한국제7호기업인수목적,291210,01277928
에이치엠씨제4호스팩,353070,01447217
에이치엠씨제5호스팩,353060,01447244
윌링스,313760,00863038
범양사,002480,00122728
한국항공우주,047810,00309503
셀트리온,068270,00413046
하이트진로,000080,00150244
하이트진로홀딩스,000140,00148993
삼성화재해상보험,000810,00139214
현대일렉트릭,267260,01205851
레고켐바이오,141080,00842619
코웰패션,033290,00155948
프로텍,053610,00325112
버킷스튜디오,066410,00378220
웅진,016880,00143651
CSA 코스믹,083660,00406037
진양제약,007370,00150536
DSC인베스트먼트,241520,01109715
인트로메딕,150840,00661157
우리금융지주,316140,01350869
신화인터텍,056700,00228350
인크로스,216050,00819073
테스나,131970,00563545
키다리스튜디오,020120,00140131
유니온,000910,00144252
에코프로,086520,00536541
대우조선해양,042660,00111704
LG상사,001120,00120076
엑스큐어,070300,00683007
한화에어로스페이스,012450,00126566
태영건설,009410,00153861
현대약품,004310,00164706
와이팜,332570,01015160
쎄노텍,222420,01091054
대원화성,024890,00112022
현대제철,004020,00145880
대구은행,005270,00109019
삼천리,004690,00128555
포스코인터내셔널,047050,00124504
와이제이엠게임즈,193250,01035678
넥슨지티,041140,00266943
아미코젠,092040,00545734
에프에스티,036810,00223434
코텍,052330,00305297
고려신용정보,049720,00336297
켄코아에어로스페이스,274090,01158553
서산,079650,00130408
삼일기업공사,002290,00127936
에스폴리텍,050760,00340272
제로투세븐,159580,00563837
인베니아,079950,00409371
KB금융,105560,00688996
에코프로비엠,247540,01160363
KG이니시스,035600,00264547
아즈텍WB,032080,00201131
안랩,053800,00298270
MH에탄올,023150,00121534
아난티,025980,00161781
STX,011810,00138297
비엠티,086670,00524786
클라우드에어,036170,00232821
JB금융지주,175330,00980122
케어랩스,263700,01187148
인산가,277410,01243161
세종메디칼,258830,00959229
휘닉스소재,050090,00369569
동아타이어,282690,01262458
알에스오토메이션,140670,00858124
에이비온,203400,00977377
매커스,093520,00596677
GS,078930,00500254
비플라이소프트,148780,00980043
JTC,950170,01041828
에브리봇,270660,01201590
EMW,079190,00479705
아가방컴퍼니,013990,00138446
위지트,036090,00258360
서진오토모티브,122690,00800145
서울전자통신,027040,00130587
아진엑스텍,059120,00404288
액토즈소프트,052790,00348034
에스넷,038680,00264635
부방,014470,00243067
한국전자인증,041460,00361169
정상제이엘에스,040420,00287788
기업은행,024110,00149646
LG화학,051910,00356361
동국제강,001230,00114792
LS,006260,00105952
인바이오젠,101140,00652423
행남사,008800,00164362
파버나인,177830,00429694
포스코케미칼,003670,00155276
삼양옵틱스,225190,00992543
영풍제지,006740,00141404
HMM,011200,00164645
디와이,013570,00117179
대한화섬,003830,00113544
에스티팜,237690,00871833
엔비티,236810,01051065
쌍방울,102280,00681142
삼보판지,023600,00125938
코리아나,027050,00152589
엘앤케이바이오,156100,00918222
대덕,008060,00109189
원일특강,012620,00143907
일진전기,103590,00683469
유안타증권,003470,00117601
삼성엔지니어링,028050,00126308
HDC,012630,00164636
팬오션,028670,00122737
코오롱글로벌,003070,00152880
한국전력공사,015760,00159193
태림포장,011280,00153524
하이비젼시스템,126700,00825959
메디젠휴먼케어,236340,01023822
동국S&C,100130,00415594
서울옥션,063170,00410915
케이티,030200,00190321
노루페인트,090350,00583442
피델릭스,032580,00189538
모토닉,009680,00151128
파인텍,131760,00820352
디아이동일,001530,00118345
네패스,033640,00227333
젬백스링크,064800,00392691
한일진공,123840,00809429
대창솔루션,096350,00177870
뉴인텍,012340,00105040
한스바이오메드,042520,00349060
경남제약헬스케어,223310,01075126
골드퍼시픽,038530,00255105
빅텐츠,210120,00550082
코이즈,121850,00807397
바이오시네틱스,281310,01186671
메디콕스,054180,00356839
현대로템,064350,00302926
메지온,140410,00808022
포메탈,119500,00188797
재영솔루텍,049630,00147082
LG디스플레이,034220,00105873
신세계,004170,00136378
포트로닉스천안,039870,00222213
동양철관,008970,00117629
레인보우로보틱스,277810,01261644
민앤지,214180,01013311
한국자산신탁,123890,00404701
케이비제20호스팩,342550,01418543
신한카드,032710,00307897
LG,003550,00120021
오스템,031510,00175173
티사이언티픽,057680,00372688
디이엔티,079810,00445160
이퓨쳐,134060,00788737
국순당,043650,00256715
엠벤처투자,019590,00136642
안국약품,001540,00139205
씨엔플러스,115530,00660033
에코바이오,038870,00287812
케이비아이동국실업,001620,00114765
인팩,023810,00180795
진양폴리우레탄,010640,00160375
윈하이텍,192390,00910840
메리츠증권,008560,00163682
아이디스홀딩스,054800,00359580
한전기술,052690,00159209
삼성생명,032830,00126256
유비케어,032620,00220057
이엠네트웍스,087730,00496225
큐브엔터,182360,00985686
iMBC,052220,00370006
SBS,034120,00130772
슈펙스비앤피,058530,00353018
미투젠,950190,01416235
상상인인더스트리,101000,00618410
램테크놀러지,171010,00654272
삼영엠텍,054540,00250614
S&K폴리텍,091340,00580667
에스텍파마,041910,00463342
에스마크,030270,00100258
성신양회,004980,00132804
유니슨,018000,00144243
유아이디,069330,00400121
고려제강,002240,00103006
SGC이테크건설,016250,00141246
리드코프,012700,00117708
글로본,019660,00159731
코리안리,003690,00113191
신라에스지,025870,00136004
국영지앤엠,006050,00104537
엔텔스,069410,00415707
다원시스,068240,00523307
태양금속공업,004100,00153755
쎌마테라퓨틱스,015540,00108065
대원전선,006340,00260392
한국캐피탈,023760,00149594
서울리거,043710,00305570
피제이메탈,128660,00829380
테고사이언스,191420,00926522
에스텍,069510,00306719
우리산업홀딩스,072470,00359623
인텍플러스,064290,00479787
캔서롭,180400,00995993
영풍,000670,00141307
토비스,051360,00390365
지엔씨에너지,119850,00626464
에스맥,097780,00562360
바른손이앤에이,035620,00259590
나노스,151910,00653103
우노앤컴퍼니,114630,00663669
알루코,001780,00117027
선광,003100,00131896
피앤텔,054340,00302120
YBM넷,057030,00307222
삼진,032750,00173351
영우디에스피,143540,00569646
이화공영,001840,00145668
한일철강,002220,00163196
클래시스,214150,01061327
산은캐피탈,008270,00260356
앱클론,174900,00991191
크라운해태홀딩스,005740,00153126
알톤스포츠,123750,00821607
굿센,243870,00565215
고바이오랩,348150,01399071
신화콘텍,187270,00925189
화일약품,061250,00188973
지어소프트,051160,00389110
무진메디,322970,01293388
한국조선해양,009540,00164830
TPC,048770,00108649
웰바이오텍,010600,00141273
원풍,008370,00144012
주연테크,044380,00269241
세아홀딩스,058650,00377610
에스에이티,060540,00379229
컨버즈,109070,00753643
한화갤러리아타임월드,027390,00117258
다나와,119860,00585608
TCC스틸,002710,00117300
스타플렉스,115570,00405959
화진,134780,00238977
동원산업,006040,00118026
광동제약,009290,00103592
다함이텍,009280,00130046
크라운제과,264900,01205329
글로벌텍스프리,204620,01042711
케이엠,083550,00242934
티앤알바이오팹,246710,01109937
본느,226340,01098792
대유,290380,00384948
ITX-AI,099520,00627029
이그잭스,060230,00363510
아스트,067390,00409681
테라셈,182690,00411905
넷게임즈,225570,01096341
코위버,056360,00360674
제이콘텐트리,036420,00203315
상신브레이크,041650,00129642
미래에셋벤처투자,100790,00340096
SK5호스팩,337450,01414361
한국수출포장공업,002200,00158112
DB하이텍,000990,00160843
카이노스메드,284620,01263527
티티씨디펜스,309900,01350638
상지카일룸,042940,00232007
글로앤웰,035480,00255141
코오롱플라스틱,138490,00241005
솔루에타,154040,00624518
레이언스,228850,00899459
HDC아이콘트롤스,039570,00350312
에코솔루션,052510,00346966
태원물산,001420,00154055
유니퀘스트,077500,00414601
GST,083450,00540863
에스에스알,275630,01250374
서진시스템,178320,00838005
KPX생명과학,114450,00532059
시디즈,134790,00852087
삼성전자,005930,00126380
대주전자재료,078600,00177816
한국컴퓨터,054040,00303396
이화산업,000760,00145686
세동,053060,00133663
엘리비젼,276240,01119651
케이씨,029460,00209780
피엔티,137400,00612294
넥센,005720,00167192
SK4호스팩,307070,01336285
한국바이오젠,318000,00876166
제이브이엠,054950,00361381
케이프이에스제4호,347140,01428249
BGF,027410,00219097
빅텍,065450,00385363
국제약품,002720,00104722
한라,014790,00161116
비상교육,100220,00520887
이비테크,208850,01116344
포인트모바일,318020,00962393
하나금융17호스팩,363260,01493535
우리기술,032820,00231044
유엔젤,072130,00416654
신영스팩5호,323280,01366000
쏠리드,050890,00364403
동양고속,084670,00540641
일진디스플,020760,00198697
KSS해운,044450,00160232
삼영화학공업,003720,00127255
우리들휴브레인,118000,00791209
케이피에프,024880,00157636
아이에스이커머스,069920,00426068
한익스프레스,014130,00129509
한미반도체,042700,00161383
휴비스,079980,00362238
한양디지텍,078350,00488989
한화에이스기업인수목적4호,279410,01247918
무림페이퍼,009200,00136086
피에스케이,319660,01365825
유유제약,000220,00144818
대한전선,001440,00113207
피플바이오,304840,01118281
신영스팩6호,344050,01419986
엠플러스,259630,00833064
동일금속,109860,00118284
네오펙트,290660,01246034
메카로,241770,00652007
덕산네오룩스,213420,01061558
한국제6호기업인수목적,281410,01257526
아시아경제,127710,00665676
씨앤투스성진,352700,00875237
메가스터디교육,215200,01074862
조이시티,067000,00397252
폭스소프트,354230,01418260
RFHIC,218410,01078178
넥스틴,348210,01080252
알테오젠,196170,00989619
하이텍팜,106190,00409964
아이원스,114810,00625942
덕산테코피아,317330,01021666
STX조선해양,067250,00109453
한농화성,011500,00160861
베셀,177350,00813389
데이타솔루션,263800,00877819
엘오티베큠,083310,00484682
배럴,267790,01182240
대웅제약,069620,00427483
에프엔씨엔터,173940,00925295
디알젬,263690,00966168
광주은행,192530,01028164
하이스틸,071090,00435312
엑셈,205100,01042085
슈프리마아이디,317770,01231786
휴온스,243070,01159853
진에어,272450,00653024
케이피에스,256940,01037214
한전KPS,051600,00159218
디아이,003160,00118275
한솔테크닉스,004710,00157399
아세아제지,002310,00138729
아이쓰리시스템,214430,00612489
고영,098460,00579999
핌스,347770,01405390
액트,131400,00533924
연우,115960,00372253
삼양패키징,272550,01060814
금양,001570,00106119
사조대림,003960,00109718
헬릭스미스,084990,00359395
알로이스,297570,01309795
오파스넷,173130,00867849
한화시스템,272210,00339391
부국증권,001270,00123772
농심홀딩스,072710,00459871
제이웨이,058420,00359474
에이엔피,015260,00143314
우진플라임,049800,00303217
경인전자,009140,00102140
조흥,002600,00149345
서흥,008490,00131692
남화토건,091590,00108001
서암기계공업,100660,00166528
큐캐피탈,016600,00267942
세진중공업,075580,00415628
엔에이치엔,181710,00983271
하나금융15호스팩,341160,01416457
토니모리,214420,00816544
안지오랩,251280,01115044
이마트,139480,00872984
바이오빌,065940,00155382
디앤씨미디어,263720,01186404
에스제이케이,080440,00366793
대호에이엘,069460,00428729
케이프,064820,00152437
엘엠에스,073110,00494218
제이에스코퍼레이션,194370,00332927
펌텍코리아,251970,00761059
동구바이오제약,006620,00114686
동원시스템즈,014820,00132637
케이아이엔엑스,093320,00603348
우진,105840,00173944
아퓨어스,149300,00578130
파인테크닉스,106240,00755739
지역난방공사,071320,00159698
동양생명,082640,00117267
큐엠씨,136660,00816696
주성엔지니어링,036930,00252135
한주금속,198940,00156600
엠에스씨,009780,00121154
에이리츠,140910,00860730
헝셩그룹,900270,01160512
엔피디,198080,00876643
진코스텍,250030,01158632
이더블유케이,258610,00961507
나이스디앤비,130580,00606293
포티스,141020,00812362
우신시스템,017370,00142883
현대리바트,079430,00300548
알엔투테크놀로지,148250,00915508
보라티알,250000,01124680
한국큐빅,021650,00160010
하나금융지주,086790,00547583
애경유화,161000,00936787
NE능률,053290,00363927
애니플러스,310200,01335578
한국파마,032300,00187770
네오셈,253590,01170865
엔젠바이오,354200,01397903
KMH하이텍,052900,00276834
이앤에치,341310,01337017
푸드나무,290720,01259311
세아특수강,019440,00133991
제이엔케이히터,126880,00442154
티비에이치글로벌,084870,00409672
YW,051390,00296263
바텍,043150,00264255
린드먼아시아,277070,00616962
대선조선,031990,00110307
이엠넷,123570,00616290
모다,149940,00757816
이원컴포텍,088290,00409140
알에프텍,061040,00309831
이도바이오,336040,01118139
삼천리자전거,024950,00128607
자이에스앤디,317400,00367844
엔케이맥스,182400,00977650
이엠코리아,095190,00526951
바른전자,064520,00370255
원풍물산,008290,00144021
와이즈버즈,273060,01236532
사조오양,006090,00141875
넥스트아이,137940,00614593
신텍,099660,00599887
대웅,003090,00111810
리드,197210,00601641
제낙스,065620,00201788
일신바이오,068330,00385415
경보제약,214390,00101664
우성아이비,194610,01011562
셀트리온제약,068760,00541349
현대공업,170030,00164502
우양,103840,00486875
까뮤이앤씨,013700,00129420
젬백스지오,041590,00297448
인터코스,240340,01117592
성안,011300,00132868
텔레필드,091440,00560122
제일파마홀딩스,002620,00148443
리노스,039980,00369213
지엘팜텍,204840,01042359
상보,027580,00129615
KH바텍,060720,00378628
액션스퀘어,205500,01042429
웨이브일렉트로,095270,00526696
유아이엘,049520,00256380
한라IMS,092460,00528515
한샘,009240,00161693
유틸렉스,263050,01110678
제이준코스메틱,025620,00136776
케이맥,043290,00297961
셀바스AI,108860,00666064
제너셈,217190,00666204
선도전기,007610,00131939
브이티지엠피,018290,00150165
한국정보인증,053300,00306454
캠시스,050110,00330044
위닉스,044340,00293886
예림당,036000,00259934
우성사료,006980,00142661
파인디앤씨,049120,00350020
코디엠,224060,00530413
스튜디오산타클로스,204630,01046203
코나아이,052400,00349732
휴벡셀,212310,01085442
고려산업,002140,00102751
NEW,160550,00974927
제테마,216080,01222867
웅진에너지,103130,00609485
현대비앤지스틸,004560,00125743
금호전기,001210,00106395
한국코퍼레이션,050540,00302078
지니뮤직,043610,00223762
SG세계물산,004060,00133511
가비아,079940,00506294
파이오링크,170790,00492353
JW중외제약,001060,00149947
정산애강,022220,00140061
컴퍼니케이,307930,00598198
IBKS제13호스팩,351340,01440481
디에스케이,109740,00530121
대유에이피,290120,01182578
엔솔바이오사이언스,140610,01018802
AK홀딩스,006840,00125080
대아티아이,045390,00318316
로체시스템즈,071280,00363486
엠에프엠코리아,323230,01384477
백광산업,001340,00122472
디스플레이텍,066670,00371740
코람코에너지리츠,357120,01430475
영림원소프트랩,060850,00532129
와이지엔터테인먼트,122870,00613318
한국비엔씨,256840,01179617
노드메이슨,317860,01328170
서남,294630,00867973
팅크웨어,084730,00438036
위노바,039790,00261735
휠라홀딩스,081660,00195229
그린케미칼,083420,00454946
디씨엠,024090,00177199
에스트라,016570,00154392
일신방직,003200,00146269
우림기계,101170,00567222
판도라티비,202960,00541862
대현,016090,00113614
슈피겐코리아,192440,00917861
NH프라임리츠,338100,01391033
대한과학,131220,00608316
IBKS제12호스팩,335870,01405585
상상인이안1호스팩,307870,01326792
더콘텐츠온,302920,00991225
세기리텍,199870,00929778
엠씨넥스,097520,00564562
웹스,196700,00864338
씨에스윈드,112610,00670340
윌비스,008600,00104999
디티앤씨,187220,00675594
메드팩토,235980,01336373
쌍용건설,012650,00138206
이리츠코크렙,088260,00544452
디알텍,214680,01062867
상상인이안제2호스팩,329560,01390876
다이오진,271850,01163050
줌인터넷,239340,01128622
KC코트렐,119650,00797364
청광건설,140290,00599489
엠케이전자,033160,00121686
태경비케이,014580,00122481
머큐리,100590,00364740
한국기업평가,034950,00156956
세하,027970,00133706
하이제5호스팩,340120,01414370
케이디켐,221980,00370918
일진홀딩스,015860,00146649
대백저축은행,026970,00110060
오킨스전자,080580,00543107
키이스트,054780,00353762
에코캡,128540,00870481
생고뱅코리아홀딩스,002000,00159005
엘컴텍,037950,00242712
디지털대성,068930,00398808
한국콜마홀딩스,024720,00203290
메타바이오메드,059210,00317681
태웅로직스,124560,00562245
성보화학,003080,00132725
엠소닉,008120,00124577
엘아이에스,138690,00670085
지디,155960,00676122
아비코전자,036010,00138598
와이엠티,251370,00602172
지에스엔텍,037640,00248053
이노테라피,246960,01110182
사조씨푸드,014710,00124780
건영,012720,00100957
넷마블,251270,00904672
국민은행,060000,00386937
코아시아옵틱스,196450,01031502
뷰노,338220,01344202
푸드웰,005670,00165103
브리지텍,064480,00359076
비엔에프코퍼레이션,271780,01221947
전진바이오팜,110020,00632793
하츠,066130,00221728
한국카본,017960,00159795
바이넥스,053030,00216027
에이피티씨,089970,00544577
동방,004140,00115287
벽산,007210,00122898
큐로,015590,00108746
인성정보,033230,00229021
쎄미시스코,136510,00763358
케어룸의료산업,327970,01344752
리더스 기술투자,019570,00110750
신일전자,002700,00173698
GKL,114090,00557508
제룡산업,147830,00899556
LG헬로비전,037560,00222532
성창오토텍,080470,00486370
위지윅스튜디오,299900,01276327
데이드림엔터,348840,01343735
에이원알폼,234070,00614089
케이비17호스팩,317030,01351114
에스제이켐,217910,01139497
나스미디어,089600,00486097
서희건설,035890,00219848
센코,347000,01023318
엘앤씨바이오,290650,01181515
쎄트렉아이,099320,00449254
원림,005820,00143794
모나미,005360,00121288
세경하이테크,148150,00913689
네이처셀,007390,00117276
자이글,234920,01020524
일성건설,013360,00146232
루트락,253610,01262023
케이비제18호스팩,323940,01371312
천지산업,001490,00151447
비올,335890,01406618
일양약품,007570,00146454
팜스코,036580,00260408
NICE,034310,00158316
서주산업개발,016140,00131328
디에이피,066900,00303192
한일사료,005860,00162911
SG,255220,00963976
한솔케미칼,014680,00140955
오스테오닉,226400,01082348
에코마케팅,230360,01029394
디지틀조선,033130,00231442
신라섬유,001000,00135999
큐에스아이,066310,00411446
앱코,129890,01207716
태양기계,116100,00442631
명성티엔에스,257370,01144569
유니테크노,241690,00531865
세화피앤씨,252500,01169267
비덴트,121800,00693651
일성신약,003120,00146214
하나머티리얼즈,166090,00660750
포스코강판,058430,00155258
지엔코,065060,00258102
옵티팜,153710,00971726
신세계인터내셔날,031430,00234412
유비쿼스홀딩스,078070,00411385
흥국,010240,00167031
미창석유공업,003650,00122056
미래에셋대우스팩3호,328380,01390399
범양건영,002410,00122694
대한제분,001130,00113243
에쎈테크,043340,00203209
덱스터,206560,01021949
경남기업,000800,00101257
덴티스,261200,01187494
JW생명과학,234080,00225706
에이스토리,241840,00975290
시큐센,232830,01113499
보광산업,225530,00568461
에스케이커뮤니케이션즈,066270,00361725
알바이오,003190,00112004
이엔에프테크놀로지,102710,00530185
인텔리안테크,189300,00664181
원익IPS,240810,01135941
비피도,238200,01109070
대림비앤코,005750,00109754
유니트론텍,142210,00879020
서원,021050,00131197
잘만테크,090120,00491336
천랩,311690,01071041
씨이랩,189330,00991298
미래컴퍼니,049950,00447760
랩지노믹스,084650,00545114
넥스피안,079560,00481223
티웨이항공,091810,00671376
에이팩트,200470,00667425
유수홀딩스,000700,00163691
쎌바이오텍,049960,00357430
조은저축은행,031920,00136095
에스피시스템스,317830,00624749
삼목에스폼,018310,00125646
신세계톰보이,012580,00132488
씨티케이코스메틱스,260930,01144028
호전실업,111110,00226316
JW홀딩스,096760,00632304
맥스로텍,141070,00678096
옵트론텍,082210,00327396
유바이오로직스,206650,00927558
디티알오토모티브,007340,00116949
한신기계공업,011700,00162072
아진산업,013310,00139083
에이아이비트,039230,00295370
SNT중공업,003570,00134477
내츄럴엔도텍,168330,00923792
SNT모티브,064960,00398792
SNT에너지,100840,00648721
SK디앤디,210980,00508344
보성파워텍,006910,00267881
한진,002320,00163512
싸이토젠,217330,01046391
서울도시가스,017390,00130684
엘피케이로보틱스,183350,00989327
대주이엔티,114920,00414540
셀레믹스,331920,01114586
제일기획,030000,00148276
진로발효,018120,00170877
유니포인트,121060,00445869
모두투어리츠,204210,01035289
피에스엠씨,024850,00155586
동부건설,005960,00115612
테라텍,151750,00665630
한국미라클피플사,331660,01363924
롯데푸드,002270,00120508
이엔코퍼레이션,066980,00389998
롯데칠성음료,005300,00120571
알리코제약,260660,00447007
한신공영,004960,00162063
석경에이티,357550,00921916
릭스솔루션,029480,00186452
대성에너지,117580,00787376
원방테크,053080,00304076
코오롱인더,120110,00795135
현우산업,092300,00367455
라온시큐어,042510,00255433
이노메트리,302430,01258710
제이티,089790,00365457
에치에프알,230240,01108442
엄지하우스,224810,00607797
시그넷이브이,260870,01188730
미투온,201490,00965813
스튜디오드래곤,253450,01168684
서연탑메탈,019770,00153278
까스텔바작,308100,01181807
케이비캐피탈,021960,00161408
나라소프트,288490,01267550
빅솔론,093190,00478900
롯데케미칼,011170,00165413
롯데제과,280360,01258507
제이씨케미칼,137950,00664853
고려시멘트,198440,01032583
슈프리마,236200,01124653
제노코,361390,01014718
라이트론,069540,00367482
우리바이오,082850,00369107
스페이스솔루션,245030,00664288
메가스터디,072870,00422284
해태제과식품,101530,00428321
에스엠비나,299670,01203507
비나텍,126340,00563518
오상자이엘,053980,00226547
부산산업,011390,00124027
알티캐스트,085810,00364254
신풍제지,002870,00137368
신한제7호스팩,366330,01514528
대원미디어,048910,00351807
쇼박스,086980,00303794
디와이파워,210540,01059605
나이벡,138610,00767628
이스트소프트,047560,00273420
경동도시가스,267290,01208885
DMS,068790,00361594
아바텍,149950,00442048
씨엔티드림,286000,01114559
사조동아원,008040,00137252
제일약품,271980,01236897
현대건설기계,267270,01205842
국제엘렉트릭코리아,053740,00218052
하림,136480,00857727
파티게임즈,194510,00977696
비츠로시스,054220,00201432
라이프시맨틱스,347700,01336762
보해양조,000890,00123541
에스엔유,080000,00455981
후성,093370,00595191
에이플러스에셋,244920,00684802
코렌,078650,00477257
게임빌,063080,00535746
에스디시스템,121890,00604815
스템랩,258540,01109122
우리이앤엘,153490,00815095
듀오백,073190,00407771
한국제8호스팩,310870,01336443
대한약품,023910,00113128
동아,012760,00116806
오션스톤,329020,01388631
효성중공업,298040,01316245
SIMPAC,009160,00138260
경농,002100,00101433
남선알미늄,008350,00107224
농우바이오,054050,00176835
KR모터스,000040,00112378
태웅,044490,00186799
아이에스동서,010780,00115977
두산,000150,00117212
SGC에너지,005090,00125150
케이엘넷,039420,00246620
삼영전자공업,005680,00127200
씨씨에스,066790,00249441
KTH,036030,00260958
SH에너지화학,002360,00136457
CJ ENM,035760,00265324
SK가스,018670,00144164
한솔로지스틱스,009180,00140946
AP위성,211270,00874803
앙츠,267810,01187865
한국투자파트너스,019560,00162081
서호전기,065710,00220622
에이스테크,088800,00556907
신한제6호스팩,333050,01407158
대신밸런스제8호스팩,336570,01407909
싸이맥스,160980,00659161
펩트론,087010,00415868
세우글로벌,013000,00134176
삼양통상,002170,00127042
아이엘사이언스,307180,01326279
하나머스트7호스팩,372290,01513404
모베이스,101330,00498001
우리산업,215360,01077577
인터플렉스,051370,00369170
서린바이오,038070,00373447
오텍,067170,00397289
뉴프렉스,085670,00493510
예스티,122640,00530556
앤씨앤,092600,00537337
제넥신,095700,00545929
갤럭시아머니트리,094480,00587457
디바이스이엔지,187870,00624509
씨유메디칼,115480,00681249
야스,255440,00875307
드림시큐리티,203650,01038693
디딤,217620,01068658
쿠첸,225650,01102095
유에스티,263770,01196313
이상네트웍스,080010,00454399
유티아이,179900,00961774
모비스,250060,01165155
오리온홀딩스,001800,00117577
CS,065770,00303703
삼진엘앤디,054090,00239514
더존비즈온,012510,00172291
유니온커뮤니티,203450,00408266
에스에프에이,056190,00358271
오리엔트바이오,002630,00141626
이매진아시아,036260,00122339
에스퓨얼셀,288620,01257872
솔브레인,357780,01489648
동양건설산업,005900,00117072
베뉴지,019010,00267906
조비,001550,00148948
두산중공업,034020,00159616
광진윈텍,090150,00365624
SK하이닉스,000660,00164779
미래테크놀로지,213090,01015726
윈텍,320000,01359815
유니테스트,086390,00540447
지엠비코리아,013870,00156354
키움제5호스팩,311270,01337220
아이티엠반도체,084850,00579980
제노포커스,187420,00983916
하나기술,299030,00601191
지누스,013890,00150633
상상인증권,001290,00112059
링네트,042500,00352499
노바렉스,194700,00811372
나노씨엠에스,247660,00660459
이씨에스,067010,00400060
뿌리깊은나무들,266170,00990396
신성델타테크,065350,00136226
케이씨더블류,068060,00175650
경창산업,024910,00102353
이엘피,063760,00374020
아이디스,143160,00883980
켐트로스,220260,01089350
아이디피,332370,01213586
세종텔레콤,036630,00268002
오하임아이엔티,309930,01335453
황금에스티,032560,00218575
에스지신성건설,001970,00173661
에스에이티이엔지,158300,00563147
모헨즈,006920,00163318
아모레퍼시픽그룹,002790,00154462
KNN,058400,00208134
유진로봇,056080,00234227
아이에이치큐,003560,00154426
에이블씨엔씨,078520,00400857
프레스티지바이오파마,950210,01510489
녹십자랩셀,144510,01010642
유진테크,084370,00531014
브랜드엑스코퍼레이션,337930,01391103
대주코레스,008340,00133715
픽셀플러스,087600,00495086
아이스크림에듀,289010,00983934
아스타,246720,01157235
엘앤에프,066970,00398701
삼성에스디에스,018260,00126186
신도리코,029530,00135795
멀티캠퍼스,067280,00425351
한국주철관공업,000970,00159573
SK바이오사이언스,302440,01319899
이엘케이,094190,00379016
팍스넷,038160,00334624
대교,019680,00108913
바이오다인,314930,01117413
대양전기공업,108380,00111193
서울제약,018680,00131018
계양전기,012200,00102618
남광토건,001260,00107066
한국선재,025550,00158015
대영포장,014160,00111458
AJ네트웍스,095570,00365387
메디프론,065650,00391197
녹원씨엔아이,065560,00393469
KTcs,058850,00372882
STX엔진,077970,00480455
제이앤티씨,204270,00447575
덴티움,145720,00526599
인포뱅크,039290,00243757
콜마비앤에이치,200130,01032404
동원개발,013120,00117966
에이치엘비제약,047920,00336817
메디쎄이,200580,01018617
세이브존I&C,067830,00422895
지성이씨에스,138290,00890388
에이프로,262260,00604268
네오오토,212560,00876865
호텔신라,008770,00165680
플레이디,237820,00862853
프리젠,060910,00353230
씨앗,103660,00762377
삼호개발,010960,00128980
진양산업,003780,00150439
파라다이스,034230,00171265
대원강업,000430,00111847
한국팩키지,037230,00198192
해성산업,034810,00219361
세아제강지주,003030,00124197
F&F,007700,00126487
한국경제TV,039340,00263371
삼양홀딩스,000070,00126937
엑사이엔씨,054940,00360577
삼진제약,005500,00128412
탑엔지니어링,065130,00366845
삼화페인트공업,000390,00129387
KG모빌리언스,046440,00405278
신대양제지,016590,00135777
누리플랜,069140,00410997
신라교역,004970,00135962
이지케어텍,099750,00490090
오뚜기,007310,00141529
플랜티넷,075130,00490179
일동홀딩스,000230,00146083
에이테크솔루션,071670,00384887
셀리버리,268600,01182444
우주일렉트로,065680,00390903
아남전자,008700,00138516
룽투코리아,060240,00373571
락앤락,115390,00561866
이라이콤,041520,00137289
대보마그네틱,290670,01259418
한미글로벌,053690,00413523
SGA클라우드서비스,224880,01137897
동아지질,028100,00178754
센트랄모텍,308170,00450010
이루다,164060,01142400
코셋,189350,00965062
코아스템,166480,00989664
다이노나,086080,00364111
크리스에프앤씨,110790,00522007
종근당홀딩스,001630,00149354
청담러닝,096240,00525882
진흥기업,002780,00150828
로보스타,090360,00536523
코스맥스엔비티,222040,00656289
태광산업,003240,00153393
장원테크,174880,00659684
풍산홀딩스,005810,00155531
코스메카코리아,241710,00763473
한국프랜지공업,010100,00160418
나무가,190510,00819374
퍼시스,016800,00161709
에이치엔티,176440,00872452
한올바이오파마,009420,00162586
필옵틱스,161580,00938721
E1,017940,00165583
오션브릿지,241790,01113754
코스맥스비티아이,044820,00219574
잉글우드랩,950140,01165739
HDC현대EP,089470,00357935
한화플러스제1호스팩,340440,01416572
CJ대한통운,000120,00113410
비츠로테크,042370,00103644
동아쏘시오홀딩스,000640,00116824
대양제지,006580,00111227
명문제약,017180,00121039
CJ프레시웨이,051500,00127954
에쓰씨엔지니어링,023960,00121969
서한,011370,00131504
에코플라스틱,038110,00139153
코오롱,002020,00152862
한탑,002680,00140566
한화,000880,00160588
이화전기,024810,00145738
국동,005320,00168331
피제이전자,006140,00155735
CJ CGV,079160,00303873
시그네틱스,033170,00158219
교촌에프앤비,339770,00453284
동국산업,005160,00172680
진도,088790,00557933
리더스코스메틱,016100,00180263
미원홀딩스,107590,00706715
미래엔에듀파트너,208890,00876209
일동제약,249420,01168383
엔터미디어,068420,00407975
신일제약,012790,00137058
알보젠코리아,002250,00105244
한창제지,009460,00163761
대화제약,067080,00210740
태림페이퍼,019300,00118460
풍림산업,001310,00155498
명신산업,009900,00173078
제일제강,023440,00148531
도화엔지니어링,002150,00114552
KG동부제철,016380,00115676
이엠텍,091120,00541163
삼성중공업,010140,00126478
테크트랜스,258050,01246742
한국쉘석유,002960,00158149
셀리드,299660,01235296
소프트캠프,258790,01182408
에스에프씨,112240,00450339
옵티시스,109080,00660291
이엔드디,101360,00619640
가온미디어,078890,00441304
에스앤에스텍,101490,00411048
에스엔피제네틱스,086460,00548519
트루윈,105550,00766106
효성,004800,00117188
렌딩머신,179720,00978075
풀무원,017810,00155355
삼일제약,000520,00128032
유한양행,000100,00145109
삼성물산,028260,00149655
LG유플러스,032640,00231363
대한유화,006650,00260383
만도,204320,01042775
피엔아이컴퍼니,242350,00990563
엔에스엠,238170,01011872
제이알글로벌리츠,348950,01415892
우진아이엔에스,010400,00143262
한국공항,005430,00156691
씨엠에스에듀,225330,00914040
제네시스디벨롭먼트홀딩스,053320,00350738
에이에프더블류,312610,01223219
전우정밀,120780,00673301
삼원강재,023000,00191588
DL,000210,00109693
현대오토에버,307950,00362441
LF,093050,00593032
CJ제일제당,097950,00635134
패션플랫폼,225590,01101041
한송네오텍,226440,01101722
비즈니스온,138580,01014657
틸론,217880,00976615
조선내화,000480,00148984
성지건설,005980,00133238
삼아알미늄,006110,00126779
흥구석유,024060,00167004
제일테크노스,038010,00148595
성우전자,081580,00364306
잇츠한불,226320,00911955
코스맥스,192820,01009789
서연이화,200880,01036446
마크로젠,038290,00261373
동일산업,004890,00172936
휴젤,145020,00888347
한국9호스팩,368770,01513440
CMG제약,058820,00380429
동양파일,228340,00993931
우리로,046970,00296005
경동나비엔,009450,00101488
삼양식품,003230,00126955
THE E&M,089230,00519252
우리금융캐피탈,033660,00209443
고려제약,014570,00103015
삼일씨엔에스,004440,00109806
셰프라인,012250,00142591
유안타제8호스팩,367480,01504910
휴맥스,115160,00787057
테이팩스,055490,00256955
아세아시멘트,183190,00990165
삼강엠앤티,100090,00480367
탑선,180060,00874937
감성코퍼레이션,036620,00261009
EMB,278990,01117246
폴라리스오피스,041020,00269852
유앤아이,056090,00346610
아이엠텍,226350,00809517
레몬,294140,01011395
네오리진,094860,00599106
진원생명과학,011000,00118521
연이비앤티,090740,00495554
피앤씨테크,237750,00525864
롯데쇼핑,023530,00120526
뷰웍스,100120,00609324
센트럴인사이트,012600,00151863
SK,034730,00181712
쿠콘,294570,01311055
로보쓰리,238500,01118643
용평리조트,070960,00365989
에스케이바이오팜,326030,00878696
에스아이리소스,065420,00120906
코리아에셋투자증권,190650,00304915
신영증권,001720,00136721
부산은행,005280,00124106
이디티,215090,01063884
동원F&B,049770,00340917
이노와이즈,086250,00166333
우리기술투자,041190,00231664
광전자,017900,00152729
신라젠,215600,00919966
KH 일렉트론,111870,00125965
블루탑,191600,00611286
이즈미디어,181340,00861720
바이오로그디바이스,208710,01047707
제이엘케이,322510,01153293
시스웍,269620,01188378
이베스트이안스팩1호,323210,01366365
이베스트스팩5호,349720,01436336
세틀뱅크,234340,00763701
동원금속,018500,00118008
엔에스엔,031860,00180865
케어젠,214370,00549891
수산중공업,017550,00135111
엠로,058970,00396925
롯데손해보험,000400,00113562
삼보산업,009620,00125822
에코마이스터,064510,00127699
일진머티리얼즈,020150,00113997
모베이스전자,012860,00137234
에스엘,005850,00125521
한국알콜,017890,00158565
코너스톤네트웍스,033110,00194275
아시아나항공,020560,00138792
경동인베스트,012320,00143527
UCI,038340,00215976
제일연마,001560,00148461
티씨케이,064760,00245472
SGA,049470,00351579
하이트론씨스템즈,019490,00156150
COWON,056000,00361266
한국내화,010040,00160205
넥스트사이언스,003580,00169048
새론오토모티브,075180,00305668
신세계I&C,035510,00219486
넥스턴바이오,089140,00416414
강남제비스코,000860,00100939
아센디오,012170,00145437
코윈테크,282880,01211232
이삭엔지니어링,351330,01135640
해성티피씨,059270,00453442
깨끗한나라,004540,00113492
SK디스커버리,006120,00131832
SBS콘텐츠허브,046140,00280688
가온전선,000500,00104768
남해화학,025860,00107987
현대바이오랜드,052260,00347062
싸이버원,356890,01293953
프레스티지바이오로직스,334970,01258428
이크레더블,092130,00634728
디지탈옵틱,106520,00536329
대유플러스,000300,00126089
팬젠,222110,00962922
아시아나IDT,267850,00458234
컴투스,078340,00476498
KEC,092220,00589127
서울바이오시스,092190,00488402
에어부산,298690,00651901
제이스텍,090470,00493185
에스와이,109610,00535481
관악산업,076340,00321204
모바일리더,100030,00641171
바이오프로테크,199290,00669450
엔시트론,101400,00641393
미애부,225850,00866594
래몽래인,200350,00990819
에이디테크놀로지,200710,00657002
스킨앤스킨,159910,00896753
엠앤씨생명과학,225860,01116274
퓨전,195440,01113949
나무기술,242040,01136348
EDGC,245620,01182550
NHN벅스,104200,00645089
젠큐릭스,229000,01051472
블러썸엠앤씨,263920,01185566
미래SCI,028040,00111865
SBI인베스트먼트,019550,00156910
샘코,263540,00971090
스포츠서울,039670,00298687
포스코,005490,00155319
화승코퍼레이션,013520,00166272
데이터스트림즈,199150,00553025
웅진씽크빅,095720,00628189
포스코엠텍,009520,00128111
동화약품,000020,00119195
레드로버,060300,00364795
네오이뮨텍,950220,01511558
TS트릴리온,317240,01353024
에이스침대,003800,00140052
나인테크,267320,01208849
베스파,299910,01259056
대성홀딩스,016710,00108940
이베스트투자증권,078020,00330424
IBKS제15호스팩,373200,01514698
유일에너테크,340930,01368637
대한항공,003490,00113526
퓨쳐켐,220100,01053540
현대무벡스,319400,01358463
주노콜렉션,221670,01076550
케이씨티시,009070,00103042
프리시젼바이오,335810,01137295
전방,000950,00147222
세원이앤씨,091090,00585219
광주신세계,037710,00220561
엔에프씨,265740,01217829
LIG넥스원,079550,00503668
SK머티리얼즈,036490,00110051
와이더플래닛,321820,01116502
자안코스메틱,219550,01089378
에이치디,102210,00299358
한국아트라스비엑스,023890,00159290
지티지웰니스,219750,01031229
현대에너지솔루션,322000,01199550
드림텍,192650,00415646
동일제강,002690,00118451
율촌화학,008730,00145260
SG글로벌,001380,00152039
블루베리 NFT,044480,00173449
한프,066110,00226228
동성케미컬,102260,00679314
케이엠더블유,032500,00226352
동성화학,005190,00116356
삼표시멘트,038500,00239639
루멘스,038060,00406329
투비소프트,079970,00596260
폴라리스웍스,123010,00615723
원익피앤이,131390,00785475
대창단조,015230,00112679
씨앤에스자산관리,032040,00173731
대한방직,001070,00112970
원익큐브,014190,00128175
인바이츠바이오코아,216400,00537221
골드앤에스,035290,00249502
현대이지웰,090850,00656951
KH E&T,226360,01097906
골프존데카,183410,00764807
계룡건설산업,013580,00102432
뉴아세아조인트,013340,00138695
피엔케이피부임상연구센타,347740,01290381
광림,014200,00103635
사조산업,007160,00124799
현대사료,016790,00164618
코맥스,036690,00268118
MP그룹,065150,00390860
바이브컴퍼니,301300,00403793
하이로닉,149980,00977641
수젠텍,253840,01063954
금호석유화학,011780,00106368
센트럴바이오,051980,00347716
케이비제19호스팩,330990,01393299
쌍용씨앤이,003410,00138224
현대코퍼레이션,011760,00164812
삼성SDI,006400,00126362
이노인스트루먼트,215790,01065679
한국테크놀로지,053590,00355548
툴코리아,110660,00555740
파세코,037070,00238153
오리엔트정공,065500,00300405
동서,026960,00144395
메리츠화재,000060,00117744
메리츠금융지주,138040,00860332
한일시멘트,300720,01319808
한일홀딩스,003300,00162993
코데즈컴바인,047770,00329093
형지I&C,011080,00142713
에스케이브로드밴드,033630,00243988
미래에셋증권,006800,00111722
현대에버다임,041440,00228536
피에이치씨,057880,00410739
자안바이오,221610,00493431
맘스터치,220630,01089855
DRB동일,004840,00118266
팜젠사이언스,004720,00135050
KTis,058860,00372873
일신석재,007110,00146296
디엔에프,092070,00569691
TYM,002900,00117230
피에이치에이,043370,00155151
수성이노베이션,084180,00243979
SUN&L,002820,00132211
와이어블,065530,00250137
에스피엠씨,074000,00447982
한국애보트진단,066930,00317089
DL이앤씨,375500,01524093
미코바이오메드,214610,01049167
자이언트스텝,289220,01264438
에이치엘비,028300,00199252
비디아이,148140,00610490
NH투자증권,005940,00120182
툴젠,199800,00547510
휴먼엔,032860,00205687
DL건설,001880,00128971
강원랜드,035250,00255619
초록뱀미디어,047820,00299464
알체라,347860,01405451
유진스팩6호,373340,01514519
LG생활건강,051900,00356370
클리노믹스,352770,01201970
기아,000270,00106641
대호특수강,021040,00166175
동원수산,030720,00118044
한양이엔지,045100,00216762
유양디앤유,011690,00144720
셀루메드,049180,00310156
엔시스,333620,01310773
아이피몬스터,223220,01060735
현대에이치티,039010,00255044
초록뱀컴퍼니,052300,00349811
위메이드맥스,101730,00643656
하이브,352820,01204056
현대중공업지주,267250,01205709
RF머트리얼즈,327260,01343665
포스코플랜텍,051310,00181934
청보산업,013720,00151605
금호건설,002990,00106313
한국앤컴퍼니,000240,00160047
ES큐브,050120,00175623
LS전선아시아,229640,01093007
코디,080530,00308559
구스앤홈,329050,01337114
일정실업,008500,00146542
KC산업,112190,00366517
지오씨,135160,00657756
하나은행,004940,00158909
롯데정밀화학,004000,00157681
진양홀딩스,100250,00646732
삼화전기,009470,00129271
에이프로젠 KIC,007460,00152385
쌍용자동차,003620,00138242
티엘비,356860,00920379
삼보오토,070080,00430089
대동,000490,00109286
메이슨캐피탈,021880,00136101
KH 필룩스,033180,00193009
고려아연,010130,00102858
대한광통신,010170,00113261
와이지-원,019210,00139719
현대위아,011210,00106623
제이씨현시스템,033320,00223513
미래에셋생명,085620,00112332
교보증권,030610,00113359
한일현대시멘트,006390,00164672
한컴MDS,086960,00445841
현대자동차,005380,00164742
한솔인티큐브,070590,00470829
현대모비스,012330,00164788
모다이노칩,080420,00480048
알파홀딩스,117670,00605124
SK렌터카,068400,00201450
녹십자웰빙,234690,01135057
SNT홀딩스,036530,00225159
썬테크,217320,00963000
이마트에브리데이,010090,00164308
월덱스,101160,00580065
케이씨텍,281820,01261893
에스원,012750,00158501
스맥,099440,00580056
DB금융스팩9호,367360,01505469
GS글로벌,001250,00138190
좋은사람들,033340,00205003
누리플렉스,040160,00269889
THQ,192410,00623184
지유온,111820,00689418
엔에이치스팩13호,310840,01336391
엔에이치스팩16호,353190,01453670
엔에이치스팩17호,359090,01487446
솔루스첨단소재,336370,01412822
비케이탑스,030790,00273615
동아에스티,170900,00956930
두산밥캣,241560,01032486
노브메타파마,229500,01065785
애큐온저축은행,007640,00111014
엘에스일렉트릭,010120,00105855
국일제지,078130,00104573
대양금속,009190,00111111
대성엘텍,025440,00110583
신신제약,002800,00136448
국일신동,060480,00203847
디피씨,026890,00117498
티비씨,033830,00204642
세기상사,002420,00133618
희림,037440,00236863
에넥스,011090,00139764
파워로직스,047310,00269612
자화전자,033240,00146861
퍼스텍,010820,00148522
신흥,004080,00173795
씨디네트웍스,073710,00493501
영화테크,265560,00659976
휴온스글로벌,084110,00228059
경방,000050,00101628
한솔홈데코,025750,00203582
이에스에이,052190,00347877
KTB투자증권,030210,00156859
넥스트BT,065170,00384717
현대건설,000720,00164478
와토스코리아,079000,00455875
동국알앤에스,075970,00472890
코오롱생명과학,102940,00525642
두산인프라코어,042670,00344287
에이치시티,072990,00527464
삼양사,145990,00896285
디와이피엔에프,104460,00602136
신한알파리츠,293940,01276594
타이거일렉,219130,00617314
네오위즈,095660,00628860
단디바이오,343090,01413371
강스템바이오텍,217730,01025644
지엔원에너지,270520,01228515
포인트엔지니어링,256630,01179608
캐리소프트,317530,01267222
한국특강,007280,00124090
현대코퍼레이션홀딩스,227840,01108099
바이오인프라생명과학,266470,01130885
지투알,035000,00140168
아이텍,119830,00626011
티에이치엔,019180,00118965
동우팜투테이블,088910,00228712
더블유게임즈,192080,01010110
에이치엘사이언스,239610,01011438
인포바인,115310,00491415
SCI평가정보,036120,00260745
네패스아크,330860,01368354
두산퓨얼셀,336260,01412725
링크제니시스,219420,01109955
현대홈쇼핑,057050,00412597
이노션,214320,00565154
판타지오,032800,00231691
한국전자홀딩스,006200,00159254
DB,012030,00163345
비츠로셀,082920,00154718
웹케시,053580,00323868
제일전기공업,199820,00148470
파멥신,208340,00972293
상아프론테크,089980,00181299
콜마파마,038710,00334615
씨젠,096530,00788773
동남합성,023450,00115065
코리아에프티,123410,00803425
에스트래픽,234300,01014055
엔지브이아이,093510,00521433
네오팜,092730,00551920
아이씨디,040910,00298377
디와이홀딩스,004510,00117382
뉴파워프라즈마,144960,00521390
오르비텍,046120,00297989
이루온,065440,00390514
이오플로우,294090,01274310
아주IB투자,027360,00156895
이랜시스,264850,01199189
레이,228670,00828761
올리패스,244460,01070149
인탑스,049070,00226866
테크윙,089030,00535676
케이피티유,054410,00357607
티움바이오,321550,01335930
한국화장품,123690,00823429
원포유,122830,00337296
대주산업,003310,00112457
에이스캠퍼,322190,01412938
마니커에프앤지,195500,00770312
상신이디피,091580,00480783
환인제약,016580,00166573
유니켐,011330,00137207
국전약품,307750,01329957
엔지켐생명과학,183490,00606886
이십일스토어,270020,01183407
파크시스템스,140860,00244747
티케이케미칼,104480,00693554
미코,059090,00366942
광명전기,017040,00103662
크리스탈지노믹스,083790,00407814
엠에스오토텍,123040,00259545
SBS미디어홀딩스,101060,00650629
켐온,217600,01070857
지노믹트리,228760,01108248
경남에너지,008020,00101336
듀켐바이오,176750,00867034
메가엠디,133750,00807555
한독,002390,00161046
샘표,007540,00130091
노바텍,285490,01259232
대신밸런스제7호스팩,332290,01394669
SPC삼립,005610,00125530
제놀루션,225220,01062177
덕산하이메탈,077360,00471068
미원상사,002840,00121932
웰크론한텍,076080,00487546
리메드,302550,01275665
IBKS제14호스팩,351320,01440153
삼정펄프,009770,00128227
인터로조,119610,00604426
천보,278280,00897752
에프엔에스테크,083500,00476036
압타머사이언스,291650,01265251
아이에이,038880,00252269
샘표식품,248170,01167056
삼익악기,002450,00127857
피엔에스커튼월,033220,00107303
신테카바이오,226330,01344336
녹십자셀,031390,00198378
풍산,103140,00684714
캐스텍코리아,071850,00302582
대림제지,017650,00109781
이구산업,025820,00145464
에이치디씨영창,001890,00141282
휴마시스,205470,01042979
미주제강,002670,00115472
티라유텍,322180,01309388
동방아그로,007590,00115384
우양에이치씨,101970,00450931
한창,005110,00163716
위더스제약,330350,00765851
롯데정보통신,286940,01262032
얼라인드,238120,01073678
에스제이엠홀딩스,025530,00181943
아이퀘스트,262840,01146822
금오하이텍,165270,00659815
엔에스,217820,01020843
성원,015200,00133089
네온테크,306620,01325429
아세아,002030,00138701
파커스,065690,00384762
오스템임플란트,048260,00341916
에스제이그룹,306040,01222432
미원에스씨,268280,01234297
대모,317850,00450995
한중엔시에스,107640,00474588
더블유에스아이,299170,01318261
케이디지엠텍,032290,00183215
피노텍,150440,00990262
엔바이오니아,317870,00964595
라파스,214260,01058101
케이엔제이,272110,00769158
와이엔텍,067900,00190756
에이텍티앤,224110,01099861
영원무역,111770,00776820
디케이앤디,263020,00892526
삼성스팩2호,291230,01276901
레이크머티리얼즈,281740,01255652
대원제약,003220,00111999
티앤엘,340570,00608440
에스피지,058610,00220686
웰크론,065950,00362159
수산아이앤티,050960,00577016
테스,095610,00524421
엠투엔,033310,00143226
인선이엔티,060150,00375931
어보브반도체,102120,00591441
휴비츠,065510,00398668
케이엔더블유,105330,00606664
미래생명자원,218150,01071944
씨에스베어링,297090,00765462
휴스틸,005010,00156488
지앤이헬스케어,299480,01188749
에스케이씨솔믹스,057500,00307189
소룩스,290690,00605522
덕우전자,263600,00571298
로지시스,067730,00238199
태평양물산,007980,00154329
엘디티,096870,00540571
선바이오,067370,00407036
아미노로직스,074430,00466428
케이씨티,089150,00441447
대창,012800,00112651
하우리,049130,00352000
럭스피아,092590,00578325
알서포트,131370,00838962
볼빅,206950,00756163
에이비엘바이오,298380,01256864
삼화네트웍스,046390,00301112
비아트론,141000,00610083
흥국에프엔비,189980,00916516
윈팩,097800,00536286
질경이,233990,01063556
동양,001520,00117337
서울식품공업,004410,00130879
그린플러스,186230,00602279
우리손에프앤지,073560,00413417
오로스테크놀로지,322310,01016479
바디텍메드,206640,01046708
삼환기업,000360,00129411
롯데리츠,330590,01363818
엠아이텍,179290,00531829
하나마이크론,067310,00445054
영진약품,003520,00141149
에스앤디,260970,00560849
쿠쿠홈시스,284740,01267684
체리부로,066360,00216434
한국컴퓨터지주,009760,00159874
모비릭스,348030,01210190
현대그린푸드,005440,00105280
신비앤텍,070480,00446479
대원모방,311840,01195828
유진기업,023410,00184667
휴럼,284420,01148909
미디어젠,279600,01190124
바이오니아,064550,00326731
동성화인텍,033500,00231105
신진에스엠,138070,00577380
티플랙스,081150,00497631
유안타제4호스팩,313750,01343920
아이센스,099190,00550994
힘스,238490,00556712
국도화학,007690,00104388
한양증권,001750,00162416
뉴트리,270870,01214248
씨알푸드,236030,01085187
하이골드3호,153360,00905316
심팩인더스트리,005350,00123648
오리온,271560,01238169
아이진,185490,00945457
아이케이세미콘,149010,00861100
삼륭물산,014970,00125488
한일단조,024740,00162832
유안타제5호스팩,336060,01408999
유안타제6호스팩,340360,01416642
유안타제7호스팩,367460,01504804
아톤,158430,00595182
조광페인트,004910,00148920
선익시스템,171090,00327819
유비쿼스,264450,01203376
동아엘텍,088130,00489243
디지캡,197140,00681373
안트로젠,065660,00631837
이수앱지스,086890,00526872
에스디생명공학,217480,01099667
셀젠텍,258250,01117918
에스제이엠,123700,00815369
정다운,208140,01047415
일진파워,094820,00485177
켐트로닉스,089010,00371485
한빛소프트,047080,00348292
우원개발,046940,00363246
한일건설,006440,00162780
미래에셋대우스팩 5호,353490,01450105
미스터블루,207760,01047840
티로보틱스,117730,00867098
극동유화,014530,00105156
우전,052270,00291231
라온테크,232680,00911229
혜인,003010,00165343
미래산업,025560,00197759
YG PLUS,037270,00249247
한일화학,007770,00267979
엔에스쇼핑,138250,00406392
성호전자,043260,00317210
빛샘전자,072950,00359261
아이크래프트,052460,00405719
케이사인,192250,01003040
인피니티엔티,016670,00125725
스타모빌리티,158310,00923899
애드바이오텍,179530,01022902
피피아이,062970,00403766
남화산업,111710,00245694
씨앤티85,056730,00318662
에스엘바이오닉스,214310,00957568
휴맥스홀딩스,028080,00219440
제이시스메디칼,287410,01267602
포스코 ICT,022100,00155212
화승알앤에이,378850,01532603
에너토크,019990,00169215
삼성공조,006660,00126201
신세계푸드,031440,00274933
이랜텍,054210,00206659
테크엔,308700,01016886
삼일,032280,00127909
대동기어,008830,00109310
화성밸브,039610,00217743
씨큐브,101240,00520610
지니틱스,303030,01318933
미래에셋대우스팩4호,333430,01396676
엔에이치스팩18호,365590,01505186
오상헬스케어,036220,00260657
국보,001140,00104519
해성디에스,195870,01032413
유비온,084440,00531078
세코닉스,053450,00351630
서울반도체,046890,00130763
바른손,018700,00122205
써니전자,004770,00138057
이월드,084680,00540605
우리조명,037400,00155692
원익홀딩스,030530,00216647
디피코,163430,01072518
솔브레인홀딩스,036830,00247975
도부마스크,227420,01109690
EG,037370,00261054
큐로홀딩스,051780,00296324
에이치엘비파워,043220,00317487
한국전자금융,063570,00363769
드림어스컴퍼니,060570,00364467
제넨바이오,072520,00408956
WI,073570,00440712
코스나인,082660,00442455
칩스앤미디어,094360,00579971
지스마트글로벌,114570,00673976
뉴프라이드,900100,00781202
뉴지랩파마,214870,00820389
유테크,178780,00923826
파마리서치,214450,00970453
더네이쳐홀딩스,298540,01214743
한화솔루션,009830,00162461
신화실업,001770,00137809
